Tempo Decorrido; Velocidade; Rotacao; Acelerador; Freio; Hodometro Parcial; Ref, Velo; Max Torque+; Max Torque-; Torque Motor;TempMos1; TempMos2; TempAr; TempMotor; Tensao Bat; Corrente Motor; Tensao Motor;  id; iq; idx; iqx; GPV; GIV; GDV; GPC; GIC; GPF; GIF; FluxoMax; Cod, Falha; Cod, Alarme; Estado de Teste; Ass, Rampa; Controle Cruzeiro;SOC; Corrente Pack; 
0;0;0;;;;;;;;;;;;52,6;;;;;;;;;;;;;;;;;;;;;-0,1;
0,1;0;0;;;;;;;;;;;;52,6;;;;;;;;;;;;;;;;;;;;;-0,1;
0,2;0;0;;;;;;;;;;;;52,6;;;;;;;;;;;;;;;;;;;;;-0,1;
0,3;0,1;2;;;;;;;;;;;;52,6;;;;;;;;;;;;;;;;;;;;;-0,1;
0,4;0,9;55;;;;;;;;;;;;52,6;;;;;;;;;;;;;;;;;;;;;-0,1;
0,5;0,8;80;;;;;;;;;;;;52,6;;;;;;;;;;;;;;;;;;;;;0,2;
0,6;1,3;101;;;;;;;;;;;;52,6;;;;;;;;;;;;;;;;;;;;;-0,1;
0,7;2,7;191;;;;;;;;;;;;52,6;;;;;;;;;;;;;;;;;;;;;-0,1;
0,8;2,3;239;;;;;;;;;;;;52,6;;;;;;;;;;;;;;;;;;;;;-0,1;
0,9;3,1;267;;;;;;;;;;;;52,6;;;;;;;;;;;;;;;;;;;;;-0,1;
1;3;286;;;;;;;;;;;;52,6;;;;;;;;;;;;;;;;;;;;;0,4;
1,1;2,6;284;;;;;;;;;;;;52,6;;;;;;;;;;;;;;;;;;;;;0,2;
1,2;2,5;260;;;;;;;;;;;;52,6;;;;;;;;;;;;;;;;;;;;;0,3;
1,3;1,8;205;;;;;;;;;;;;52,6;;;;;;;;;;;;;;;;;;;;;-0,1;
1,4;2,8;243;;;;;;;;;;;;52,6;;;;;;;;;;;;;;;;;;;;;0,3;
1,5;3,1;269;;;;;;;;;;;;52,6;;;;;;;;;;;;;;;;;;;;;0,2;
1,6;2,7;292;;;;;;;;;;;;52,6;;;;;;;;;;;;;;;;;;;;;0,2;
1,7;1,4;192;;;;;;;;;;;;52,6;;;;;;;;;;;;;;;;;;;;;-0,1;
1,8;0,5;102;;;;;;;;;;;;52,6;;;;;;;;;;;;;;;;;;;;;-0,1;
1,9;0,6;70;;;;;;;;;;;;52,6;;;;;;;;;;;;;;;;;;;;;-0,1;
2;1,8;117;;;;;;;;;;;;52,6;;;;;;;;;;;;;;;;;;;;;-0,1;
2,1;2,3;206;;;;;;;;;;;;52,6;;;;;;;;;;;;;;;;;;;;;-0,1;
2,2;1,9;202;;;;;;;;;;;;52,6;;;;;;;;;;;;;;;;;;;;;0,3;
2,3;3,2;255;;;;;;;;;;;;52,6;;;;;;;;;;;;;;;;;;;;;2,2;
2,4;3,1;281;;;;;;;;;;;;52,4;;;;;;;;;;;;;;;;;;;;;13;
2,5;2,7;281;;;;;;;;;;;;52,4;;;;;;;;;;;;;;;;;;;;;15,6;
2,6;3,4;320;;;;;;;;;;;;52,3;;;;;;;;;;;;;;;;;;;;;22,6;
2,7;3,6;335;;;;;;;;;;;;52,3;;;;;;;;;;;;;;;;;;;;;28,1;
2,8;3,8;350;;;;;;;;;;;;52,2;;;;;;;;;;;;;;;;;;;;;30,1;
2,9;4,3;375;;;;;;;;;;;;52,1;;;;;;;;;;;;;;;;;;;;;34,5;
3;4,7;429;;;;;;;;;;;;52,1;;;;;;;;;;;;;;;;;;;;;31,7;
3,1;4,6;447;;;;;;;;;;;;52;;;;;;;;;;;;;;;;;;;;;36,9;
3,2;5,3;481;;;;;;;;;;;;52;;;;;;;;;;;;;;;;;;;;;39,7;
3,3;5,7;534;;;;;;;;;;;;51,8;;;;;;;;;;;;;;;;;;;;;47,3;
3,4;6,5;608;;;;;;;;;;;;51,7;;;;;;;;;;;;;;;;;;;;;60;
3,5;7,6;679;;;;;;;;;;;;51,7;;;;;;;;;;;;;;;;;;;;;57;
3,6;8;733;;;;;;;;;;;;51,6;;;;;;;;;;;;;;;;;;;;;61,7;
3,7;10,2;825;;;;;;;;;;;;50,5;;;;;;;;;;;;;;;;;;;;;131,4;
3,8;12;1009;;;;;;;;;;;;50,5;;;;;;;;;;;;;;;;;;;;;128,5;
3,9;14,1;1237;;;;;;;;;;;;50,4;;;;;;;;;;;;;;;;;;;;;139,2;
4;14,4;1361;;;;;;;;;;;;51,1;;;;;;;;;;;;;;;;;;;;;79,2;
4,1;15,1;1438;;;;;;;;;;;;51,2;;;;;;;;;;;;;;;;;;;;;70,3;
4,2;16,4;1519;;;;;;;;;;;;50,9;;;;;;;;;;;;;;;;;;;;;91,7;
4,3;17,9;1639;;;;;;;;;;;;51;;;;;;;;;;;;;;;;;;;;;79,1;
4,4;18,7;1749;;;;;;;;;;;;50,9;;;;;;;;;;;;;;;;;;;;;87,5;
4,5;19,6;1840;;;;;;;;;;;;51;;;;;;;;;;;;;;;;;;;;;79,3;
4,6;20,4;1913;;;;;;;;;;;;51,1;;;;;;;;;;;;;;;;;;;;;77,4;
4,7;21,2;1983;;;;;;;;;;;;51,4;;;;;;;;;;;;;;;;;;;;;54,7;
4,8;21,3;2043;;;;;;;;;;;;51,3;;;;;;;;;;;;;;;;;;;;;61,8;
4,9;21,6;2073;;;;;;;;;;;;51,4;;;;;;;;;;;;;;;;;;;;;61,8;
5;21,5;2093;;;;;;;;;;;;51,5;;;;;;;;;;;;;;;;;;;;;54,4;
5,1;21,2;2074;;;;;;;;;;;;51,9;;;;;;;;;;;;;;;;;;;;;18,3;
5,2;20,6;2034;;;;;;;;;;;;52;;;;;;;;;;;;;;;;;;;;;21,5;
5,3;20,4;1973;;;;;;;;;;;;52,3;;;;;;;;;;;;;;;;;;;;;-1,5;
5,4;18,6;1861;;;;;;;;;;;;52,3;;;;;;;;;;;;;;;;;;;;;-0,9;
5,5;18;1779;;;;;;;;;;;;52,3;;;;;;;;;;;;;;;;;;;;;1,1;
5,6;16,5;1678;;;;;;;;;;;;52,3;;;;;;;;;;;;;;;;;;;;;2,9;
5,7;15,8;1589;;;;;;;;;;;;52,2;;;;;;;;;;;;;;;;;;;;;5,5;
5,8;15,2;1511;;;;;;;;;;;;51,7;;;;;;;;;;;;;;;;;;;;;38,3;
5,9;15,5;1493;;;;;;;;;;;;51,7;;;;;;;;;;;;;;;;;;;;;41,3;
6;15,3;1483;;;;;;;;;;;;51,8;;;;;;;;;;;;;;;;;;;;;26,1;
6,1;16,8;1561;;;;;;;;;;;;50,8;;;;;;;;;;;;;;;;;;;;;86;
6,2;17,7;1670;;;;;;;;;;;;51;;;;;;;;;;;;;;;;;;;;;76,5;
6,3;18,3;1763;;;;;;;;;;;;51,1;;;;;;;;;;;;;;;;;;;;;65,5;
6,4;19,2;1828;;;;;;;;;;;;50,9;;;;;;;;;;;;;;;;;;;;;86,6;
6,5;19,7;1878;;;;;;;;;;;;50,7;;;;;;;;;;;;;;;;;;;;;89,4;
6,6;19,5;1891;;;;;;;;;;;;50,7;;;;;;;;;;;;;;;;;;;;;103;
6,7;19,9;1913;;;;;;;;;;;;50,8;;;;;;;;;;;;;;;;;;;;;82,8;
6,8;19,6;1899;;;;;;;;;;;;50,8;;;;;;;;;;;;;;;;;;;;;85,7;
6,9;19,1;1873;;;;;;;;;;;;50,8;;;;;;;;;;;;;;;;;;;;;87,4;
7;19;1859;;;;;;;;;;;;50,8;;;;;;;;;;;;;;;;;;;;;86,3;
7,1;19,2;1854;;;;;;;;;;;;50,6;;;;;;;;;;;;;;;;;;;;;103,4;
7,2;18,7;1847;;;;;;;;;;;;50,5;;;;;;;;;;;;;;;;;;;;;104,9;
7,3;19,2;1852;;;;;;;;;;;;48,9;;;;;;;;;;;;;;;;;;;;;206,4;
7,4;20;1889;;;;;;;;;;;;48,6;;;;;;;;;;;;;;;;;;;;;236,3;
7,5;21;1979;;;;;;;;;;;;48,9;;;;;;;;;;;;;;;;;;;;;198,6;
7,6;21,4;2027;;;;;;;;;;;;49,1;;;;;;;;;;;;;;;;;;;;;203,2;
7,7;22;2062;;;;;;;;;;;;49,5;;;;;;;;;;;;;;;;;;;;;168,6;
7,8;21,2;2059;;;;;;;;;;;;49,5;;;;;;;;;;;;;;;;;;;;;174,7;
7,9;21,4;2062;;;;;;;;;;;;49,8;;;;;;;;;;;;;;;;;;;;;141,3;
8;20,4;2019;;;;;;;;;;;;50,2;;;;;;;;;;;;;;;;;;;;;122,4;
8,1;20;1971;;;;;;;;;;;;50,2;;;;;;;;;;;;;;;;;;;;;111,1;
8,2;20,1;1912;;;;;;;;;;;;50,2;;;;;;;;;;;;;;;;;;;;;117,1;
8,3;20;1919;;;;;;;;;;;;49,9;;;;;;;;;;;;;;;;;;;;;132,8;
8,4;20,4;1928;;;;;;;;;;;;49,3;;;;;;;;;;;;;;;;;;;;;170;
8,5;19,2;1873;;;;;;;;;;;;50,4;;;;;;;;;;;;;;;;;;;;;102,4;
8,6;19,5;1867;;;;;;;;;;;;50;;;;;;;;;;;;;;;;;;;;;123,6;
8,7;19,6;1883;;;;;;;;;;;;49,9;;;;;;;;;;;;;;;;;;;;;132,6;
8,8;18,4;1840;;;;;;;;;;;;50,8;;;;;;;;;;;;;;;;;;;;;69,3;
8,9;18;1794;;;;;;;;;;;;51,1;;;;;;;;;;;;;;;;;;;;;47;
9;18,6;1761;;;;;;;;;;;;50,8;;;;;;;;;;;;;;;;;;;;;64,7;
9,1;18;1763;;;;;;;;;;;;50,8;;;;;;;;;;;;;;;;;;;;;68;
9,2;18,2;1764;;;;;;;;;;;;50,8;;;;;;;;;;;;;;;;;;;;;76,2;
9,3;19;1809;;;;;;;;;;;;50,8;;;;;;;;;;;;;;;;;;;;;78,8;
9,4;19,4;1867;;;;;;;;;;;;50,6;;;;;;;;;;;;;;;;;;;;;77,7;
9,5;20,1;1935;;;;;;;;;;;;50,9;;;;;;;;;;;;;;;;;;;;;67,2;
9,6;19,5;1935;;;;;;;;;;;;51,9;;;;;;;;;;;;;;;;;;;;;-1,7;
9,7;18,3;1847;;;;;;;;;;;;52;;;;;;;;;;;;;;;;;;;;;-1,1;
9,8;16,1;1693;;;;;;;;;;;;52;;;;;;;;;;;;;;;;;;;;;-1;
9,9;14,4;1528;;;;;;;;;;;;52;;;;;;;;;;;;;;;;;;;;;-0,7;
10;10,6;1216;;;;;;;;;;;;52;;;;;;;;;;;;;;;;;;;;;-0,2;
10,1;7,5;918;;;;;;;;;;;;52;;;;;;;;;;;;;;;;;;;;;-0,1;
10,2;5,4;674;;;;;;;;;;;;52;;;;;;;;;;;;;;;;;;;;;0,2;
10,3;3,6;451;;;;;;;;;;;;52;;;;;;;;;;;;;;;;;;;;;0,2;
10,4;3,7;385;;;;;;;;;;;;52;;;;;;;;;;;;;;;;;;;;;0,2;
10,5;4,3;388;;;;;;;;;;;;52;;;;;;;;;;;;;;;;;;;;;2,1;
10,6;4,1;386;;;;;;;;;;;;51,9;;;;;;;;;;;;;;;;;;;;;13,3;
10,7;4,9;431;;;;;;;;;;;;51,7;;;;;;;;;;;;;;;;;;;;;23,5;
10,8;5,8;522;;;;;;;;;;;;51,7;;;;;;;;;;;;;;;;;;;;;27,8;
10,9;7,4;632;;;;;;;;;;;;51,4;;;;;;;;;;;;;;;;;;;;;44;
11;8,6;747;;;;;;;;;;;;51,5;;;;;;;;;;;;;;;;;;;;;39,3;
11,1;8,7;825;;;;;;;;;;;;51,5;;;;;;;;;;;;;;;;;;;;;38,8;
11,2;9,6;892;;;;;;;;;;;;51,5;;;;;;;;;;;;;;;;;;;;;37,9;
11,3;10,3;957;;;;;;;;;;;;51,3;;;;;;;;;;;;;;;;;;;;;51,1;
11,4;11;1036;;;;;;;;;;;;51,2;;;;;;;;;;;;;;;;;;;;;59,9;
11,5;12,1;1110;;;;;;;;;;;;51,5;;;;;;;;;;;;;;;;;;;;;29,4;
11,6;12,8;1183;;;;;;;;;;;;51,5;;;;;;;;;;;;;;;;;;;;;35,6;
11,7;13,6;1257;;;;;;;;;;;;51,6;;;;;;;;;;;;;;;;;;;;;31,4;
11,8;13,7;1308;;;;;;;;;;;;51,7;;;;;;;;;;;;;;;;;;;;;27,2;
11,9;14,3;1353;;;;;;;;;;;;51,7;;;;;;;;;;;;;;;;;;;;;21,4;
12;14,4;1388;;;;;;;;;;;;51,8;;;;;;;;;;;;;;;;;;;;;14,1;
12,1;14,7;1406;;;;;;;;;;;;51,9;;;;;;;;;;;;;;;;;;;;;8,8;
12,2;14,8;1412;;;;;;;;;;;;51,9;;;;;;;;;;;;;;;;;;;;;12,6;
12,3;14,5;1415;;;;;;;;;;;;51,9;;;;;;;;;;;;;;;;;;;;;8,5;
12,4;14,7;1419;;;;;;;;;;;;52;;;;;;;;;;;;;;;;;;;;;4,1;
12,5;14,9;1432;;;;;;;;;;;;51,8;;;;;;;;;;;;;;;;;;;;;15,5;
12,6;14,7;1442;;;;;;;;;;;;52;;;;;;;;;;;;;;;;;;;;;5,9;
12,7;14,8;1451;;;;;;;;;;;;52;;;;;;;;;;;;;;;;;;;;;7,2;
12,8;15,1;1462;;;;;;;;;;;;52;;;;;;;;;;;;;;;;;;;;;6,6;
12,9;15,3;1480;;;;;;;;;;;;52;;;;;;;;;;;;;;;;;;;;;6,3;
13;15,4;1498;;;;;;;;;;;;52;;;;;;;;;;;;;;;;;;;;;7,4;
13,1;15,7;1524;;;;;;;;;;;;52;;;;;;;;;;;;;;;;;;;;;7,7;
13,2;15,2;1518;;;;;;;;;;;;52,1;;;;;;;;;;;;;;;;;;;;;-0,4;
13,3;15,3;1525;;;;;;;;;;;;52,1;;;;;;;;;;;;;;;;;;;;;0,2;
13,4;15,1;1519;;;;;;;;;;;;52,1;;;;;;;;;;;;;;;;;;;;;0,7;
13,5;15,6;1507;;;;;;;;;;;;52,1;;;;;;;;;;;;;;;;;;;;;1,7;
13,6;15,6;1508;;;;;;;;;;;;52,1;;;;;;;;;;;;;;;;;;;;;3,7;
13,7;15,2;1507;;;;;;;;;;;;52;;;;;;;;;;;;;;;;;;;;;7,1;
13,8;15,7;1514;;;;;;;;;;;;52,1;;;;;;;;;;;;;;;;;;;;;6,3;
13,9;15,7;1519;;;;;;;;;;;;52;;;;;;;;;;;;;;;;;;;;;5;
14;16;1536;;;;;;;;;;;;52,1;;;;;;;;;;;;;;;;;;;;;4,5;
14,1;15,7;1531;;;;;;;;;;;;52,1;;;;;;;;;;;;;;;;;;;;;3,3;
14,2;15,1;1510;;;;;;;;;;;;52,1;;;;;;;;;;;;;;;;;;;;;4,2;
14,3;16,2;1519;;;;;;;;;;;;52;;;;;;;;;;;;;;;;;;;;;10,7;
14,4;15,1;1490;;;;;;;;;;;;52;;;;;;;;;;;;;;;;;;;;;13;
14,5;15,1;1483;;;;;;;;;;;;52;;;;;;;;;;;;;;;;;;;;;13,7;
14,6;15,2;1478;;;;;;;;;;;;51,9;;;;;;;;;;;;;;;;;;;;;15,8;
14,7;15,9;1489;;;;;;;;;;;;51,7;;;;;;;;;;;;;;;;;;;;;29,1;
14,8;16;1514;;;;;;;;;;;;51,7;;;;;;;;;;;;;;;;;;;;;26,5;
14,9;16;1527;;;;;;;;;;;;51,7;;;;;;;;;;;;;;;;;;;;;25,7;
15;15,6;1540;;;;;;;;;;;;52;;;;;;;;;;;;;;;;;;;;;11,5;
15,1;15,9;1545;;;;;;;;;;;;51,8;;;;;;;;;;;;;;;;;;;;;20,7;
15,2;16,1;1554;;;;;;;;;;;;51,8;;;;;;;;;;;;;;;;;;;;;20,9;
15,3;16,5;1576;;;;;;;;;;;;51,7;;;;;;;;;;;;;;;;;;;;;32,6;
15,4;16,6;1601;;;;;;;;;;;;51,7;;;;;;;;;;;;;;;;;;;;;34,3;
15,5;16,8;1629;;;;;;;;;;;;51,5;;;;;;;;;;;;;;;;;;;;;41,3;
15,6;17,5;1668;;;;;;;;;;;;51,5;;;;;;;;;;;;;;;;;;;;;43,1;
15,7;17,8;1703;;;;;;;;;;;;51,5;;;;;;;;;;;;;;;;;;;;;37,6;
15,8;18,3;1735;;;;;;;;;;;;51,4;;;;;;;;;;;;;;;;;;;;;45,6;
15,9;18,2;1746;;;;;;;;;;;;51,6;;;;;;;;;;;;;;;;;;;;;33,6;
16;18,4;1767;;;;;;;;;;;;51,4;;;;;;;;;;;;;;;;;;;;;47,7;
16,1;18,7;1786;;;;;;;;;;;;51,4;;;;;;;;;;;;;;;;;;;;;48,8;
16,2;18,9;1809;;;;;;;;;;;;51,3;;;;;;;;;;;;;;;;;;;;;50,7;
16,3;19,2;1838;;;;;;;;;;;;51,4;;;;;;;;;;;;;;;;;;;;;49;
16,4;19,1;1839;;;;;;;;;;;;51,5;;;;;;;;;;;;;;;;;;;;;37;
16,5;18,9;1833;;;;;;;;;;;;51,7;;;;;;;;;;;;;;;;;;;;;31,5;
16,6;18,3;1798;;;;;;;;;;;;52;;;;;;;;;;;;;;;;;;;;;4,8;
16,7;16,9;1720;;;;;;;;;;;;52,1;;;;;;;;;;;;;;;;;;;;;-0,1;
16,8;16,3;1628;;;;;;;;;;;;52,1;;;;;;;;;;;;;;;;;;;;;-0,1;
16,9;15,1;1534;;;;;;;;;;;;52,1;;;;;;;;;;;;;;;;;;;;;-0,2;
17;14;1428;;;;;;;;;;;;52,1;;;;;;;;;;;;;;;;;;;;;1,9;
17,1;12,3;1302;;;;;;;;;;;;52;;;;;;;;;;;;;;;;;;;;;5,7;
17,2;10,9;1142;;;;;;;;;;;;51,9;;;;;;;;;;;;;;;;;;;;;18,5;
17,3;11,5;1118;;;;;;;;;;;;52;;;;;;;;;;;;;;;;;;;;;6,9;
17,4;10,2;1066;;;;;;;;;;;;52;;;;;;;;;;;;;;;;;;;;;5,9;
17,5;9,8;984;;;;;;;;;;;;51,7;;;;;;;;;;;;;;;;;;;;;27,9;
17,6;10;979;;;;;;;;;;;;51,6;;;;;;;;;;;;;;;;;;;;;37,9;
17,7;10,9;995;;;;;;;;;;;;51,4;;;;;;;;;;;;;;;;;;;;;53,7;
17,8;10,7;1028;;;;;;;;;;;;51,4;;;;;;;;;;;;;;;;;;;;;50,8;
17,9;10,1;1016;;;;;;;;;;;;51,4;;;;;;;;;;;;;;;;;;;;;43,9;
18;10,1;1026;;;;;;;;;;;;51,4;;;;;;;;;;;;;;;;;;;;;46,6;
18,1;12,2;1095;;;;;;;;;;;;50,5;;;;;;;;;;;;;;;;;;;;;107,3;
18,2;13,3;1234;;;;;;;;;;;;50,8;;;;;;;;;;;;;;;;;;;;;95,5;
18,3;14,3;1326;;;;;;;;;;;;50,8;;;;;;;;;;;;;;;;;;;;;85,4;
18,4;14,5;1382;;;;;;;;;;;;50,8;;;;;;;;;;;;;;;;;;;;;80,3;
18,5;15,1;1422;;;;;;;;;;;;50,5;;;;;;;;;;;;;;;;;;;;;98,7;
18,6;15,4;1480;;;;;;;;;;;;50,5;;;;;;;;;;;;;;;;;;;;;96,4;
18,7;16;1523;;;;;;;;;;;;50,6;;;;;;;;;;;;;;;;;;;;;100;
18,8;16,2;1558;;;;;;;;;;;;49,8;;;;;;;;;;;;;;;;;;;;;139;
18,9;19,1;1750;;;;;;;;;;;;47,1;;;;;;;;;;;;;;;;;;;;;359;
19;20,7;1913;;;;;;;;;;;;48,4;;;;;;;;;;;;;;;;;;;;;238,6;
19,1;22,8;2052;;;;;;;;;;;;49,2;;;;;;;;;;;;;;;;;;;;;153,8;
19,2;21,5;2101;;;;;;;;;;;;50,2;;;;;;;;;;;;;;;;;;;;;99,9;
19,3;21,3;2064;;;;;;;;;;;;50,1;;;;;;;;;;;;;;;;;;;;;117;
19,4;21,1;2045;;;;;;;;;;;;49,8;;;;;;;;;;;;;;;;;;;;;140,3;
19,5;20,7;2063;;;;;;;;;;;;50;;;;;;;;;;;;;;;;;;;;;130,3;
19,6;21,7;2089;;;;;;;;;;;;49,4;;;;;;;;;;;;;;;;;;;;;166,1;
19,7;22,2;2096;;;;;;;;;;;;49,3;;;;;;;;;;;;;;;;;;;;;174,9;
19,8;21,9;2107;;;;;;;;;;;;49,4;;;;;;;;;;;;;;;;;;;;;153,8;
19,9;22,8;2160;;;;;;;;;;;;48,9;;;;;;;;;;;;;;;;;;;;;198,2;
20;23,2;2218;;;;;;;;;;;;48,7;;;;;;;;;;;;;;;;;;;;;201,4;
20,1;22,6;2188;;;;;;;;;;;;49,8;;;;;;;;;;;;;;;;;;;;;124;
20,2;22,4;2136;;;;;;;;;;;;49,5;;;;;;;;;;;;;;;;;;;;;145,9;
20,3;21,4;2115;;;;;;;;;;;;48,6;;;;;;;;;;;;;;;;;;;;;218,7;
20,4;22,2;2141;;;;;;;;;;;;47,5;;;;;;;;;;;;;;;;;;;;;268,9;
20,5;22,7;2171;;;;;;;;;;;;48;;;;;;;;;;;;;;;;;;;;;242,2;
20,6;21,7;2173;;;;;;;;;;;;49,6;;;;;;;;;;;;;;;;;;;;;122;
20,7;21,5;2116;;;;;;;;;;;;49,5;;;;;;;;;;;;;;;;;;;;;141,5;
20,8;20,5;2042;;;;;;;;;;;;49,5;;;;;;;;;;;;;;;;;;;;;131,4;
20,9;20,1;1983;;;;;;;;;;;;49,4;;;;;;;;;;;;;;;;;;;;;142,4;
21;17,4;1949;;;;;;;;;;;;49,7;;;;;;;;;;;;;;;;;;;;;136,1;
21,1;18,3;1845;;;;;;;;;;;;50,1;;;;;;;;;;;;;;;;;;;;;106,2;
21,2;17,1;1722;;;;;;;;;;;;50;;;;;;;;;;;;;;;;;;;;;110,8;
21,3;15,7;1578;;;;;;;;;;;;49,8;;;;;;;;;;;;;;;;;;;;;117;
21,4;19,2;1658;;;;;;;;;;;;48,3;;;;;;;;;;;;;;;;;;;;;216,5;
21,5;15,9;1638;;;;;;;;;;;;50,8;;;;;;;;;;;;;;;;;;;;;48,1;
21,6;14,5;1541;;;;;;;;;;;;50,5;;;;;;;;;;;;;;;;;;;;;83,9;
21,7;13,1;1380;;;;;;;;;;;;50,5;;;;;;;;;;;;;;;;;;;;;75,9;
21,8;12,6;1253;;;;;;;;;;;;49,7;;;;;;;;;;;;;;;;;;;;;136,4;
21,9;12,6;1231;;;;;;;;;;;;49,5;;;;;;;;;;;;;;;;;;;;;138,6;
22;11,4;1237;;;;;;;;;;;;50,5;;;;;;;;;;;;;;;;;;;;;72,3;
22,1;11,8;1195;;;;;;;;;;;;50,7;;;;;;;;;;;;;;;;;;;;;63,5;
22,2;10,7;1131;;;;;;;;;;;;49,8;;;;;;;;;;;;;;;;;;;;;124,9;
22,3;10,8;1089;;;;;;;;;;;;50,4;;;;;;;;;;;;;;;;;;;;;83,4;
22,4;11,2;1064;;;;;;;;;;;;49,8;;;;;;;;;;;;;;;;;;;;;132,1;
22,5;11,9;1101;;;;;;;;;;;;48,9;;;;;;;;;;;;;;;;;;;;;188,2;
22,6;13,7;1247;;;;;;;;;;;;48,6;;;;;;;;;;;;;;;;;;;;;200,1;
22,7;12,2;1213;;;;;;;;;;;;50,2;;;;;;;;;;;;;;;;;;;;;93,9;
22,8;11,7;1163;;;;;;;;;;;;50,3;;;;;;;;;;;;;;;;;;;;;84,2;
22,9;11,4;1115;;;;;;;;;;;;49,7;;;;;;;;;;;;;;;;;;;;;127,3;
23;10,8;1072;;;;;;;;;;;;50,2;;;;;;;;;;;;;;;;;;;;;103,3;
23,1;9,5;992;;;;;;;;;;;;50,7;;;;;;;;;;;;;;;;;;;;;61,9;
23,2;9,2;913;;;;;;;;;;;;50,2;;;;;;;;;;;;;;;;;;;;;103;
23,3;8,2;869;;;;;;;;;;;;50,7;;;;;;;;;;;;;;;;;;;;;62,8;
23,4;7,2;773;;;;;;;;;;;;50,7;;;;;;;;;;;;;;;;;;;;;68,9;
23,5;6,6;687;;;;;;;;;;;;50,8;;;;;;;;;;;;;;;;;;;;;62,9;
23,6;6,2;625;;;;;;;;;;;;50,8;;;;;;;;;;;;;;;;;;;;;61,3;
23,7;6,9;633;;;;;;;;;;;;50,8;;;;;;;;;;;;;;;;;;;;;70,4;
23,8;6,6;653;;;;;;;;;;;;50,6;;;;;;;;;;;;;;;;;;;;;72,7;
23,9;7,1;669;;;;;;;;;;;;50,8;;;;;;;;;;;;;;;;;;;;;59,3;
24;6,7;673;;;;;;;;;;;;51,1;;;;;;;;;;;;;;;;;;;;;41,3;
24,1;6,8;651;;;;;;;;;;;;51,1;;;;;;;;;;;;;;;;;;;;;45;
24,2;6,1;614;;;;;;;;;;;;51,2;;;;;;;;;;;;;;;;;;;;;31,6;
24,3;5,1;531;;;;;;;;;;;;51,7;;;;;;;;;;;;;;;;;;;;;-1,7;
24,4;2,4;348;;;;;;;;;;;;51,7;;;;;;;;;;;;;;;;;;;;;0,2;
24,5;0,7;144;;;;;;;;;;;;51,7;;;;;;;;;;;;;;;;;;;;;-0,1;
24,6;2,1;171;;;;;;;;;;;;51,7;;;;;;;;;;;;;;;;;;;;;1,1;
24,7;2,4;216;;;;;;;;;;;;51,8;;;;;;;;;;;;;;;;;;;;;0,4;
24,8;1,9;205;;;;;;;;;;;;51,8;;;;;;;;;;;;;;;;;;;;;-0,1;
24,9;2,7;228;;;;;;;;;;;;51,8;;;;;;;;;;;;;;;;;;;;;0,4;
25;3,6;294;;;;;;;;;;;;51,8;;;;;;;;;;;;;;;;;;;;;0,8;
25,1;3,5;336;;;;;;;;;;;;51,8;;;;;;;;;;;;;;;;;;;;;0,3;
25,2;2,9;328;;;;;;;;;;;;51,9;;;;;;;;;;;;;;;;;;;;;0,3;
25,3;3,3;316;;;;;;;;;;;;51,8;;;;;;;;;;;;;;;;;;;;;0,2;
25,4;3,3;312;;;;;;;;;;;;51,9;;;;;;;;;;;;;;;;;;;;;-0,1;
25,5;3,4;308;;;;;;;;;;;;51,9;;;;;;;;;;;;;;;;;;;;;0,3;
25,6;3,6;338;;;;;;;;;;;;51,9;;;;;;;;;;;;;;;;;;;;;0,3;
25,7;3,8;361;;;;;;;;;;;;51,9;;;;;;;;;;;;;;;;;;;;;0,3;
25,8;3,3;355;;;;;;;;;;;;51,9;;;;;;;;;;;;;;;;;;;;;-0,1;
25,9;2,9;306;;;;;;;;;;;;51,9;;;;;;;;;;;;;;;;;;;;;0,3;
26;2,3;263;;;;;;;;;;;;51,9;;;;;;;;;;;;;;;;;;;;;0,2;
26,1;1,3;174;;;;;;;;;;;;51,9;;;;;;;;;;;;;;;;;;;;;0,2;
26,2;1,5;163;;;;;;;;;;;;51,9;;;;;;;;;;;;;;;;;;;;;0,2;
26,3;-0,5;24;;;;;;;;;;;;52;;;;;;;;;;;;;;;;;;;;;0,3;
26,4;-0,8;-16;;;;;;;;;;;;52;;;;;;;;;;;;;;;;;;;;;0,4;
26,5;-0,4;-52;;;;;;;;;;;;52;;;;;;;;;;;;;;;;;;;;;0,2;
26,6;0;-14;;;;;;;;;;;;52;;;;;;;;;;;;;;;;;;;;;0,8;
26,7;0,1;5;;;;;;;;;;;;51,9;;;;;;;;;;;;;;;;;;;;;4,1;
26,8;0,1;40;;;;;;;;;;;;52;;;;;;;;;;;;;;;;;;;;;3;
26,9;0,5;66;;;;;;;;;;;;51,9;;;;;;;;;;;;;;;;;;;;;9;
27;0,8;109;;;;;;;;;;;;51,9;;;;;;;;;;;;;;;;;;;;;11;
27,1;1,5;145;;;;;;;;;;;;51,8;;;;;;;;;;;;;;;;;;;;;11,1;
27,2;1,4;155;;;;;;;;;;;;51,8;;;;;;;;;;;;;;;;;;;;;12,2;
27,3;1,2;143;;;;;;;;;;;;52;;;;;;;;;;;;;;;;;;;;;5,8;
27,4;1,5;141;;;;;;;;;;;;51,9;;;;;;;;;;;;;;;;;;;;;9,1;
27,5;1,6;140;;;;;;;;;;;;51,9;;;;;;;;;;;;;;;;;;;;;12;
27,6;1,4;147;;;;;;;;;;;;51,8;;;;;;;;;;;;;;;;;;;;;15,8;
27,7;1,8;170;;;;;;;;;;;;52;;;;;;;;;;;;;;;;;;;;;3,7;
27,8;1,6;164;;;;;;;;;;;;52;;;;;;;;;;;;;;;;;;;;;6,3;
27,9;2,2;187;;;;;;;;;;;;51,9;;;;;;;;;;;;;;;;;;;;;7,4;
28;2,5;224;;;;;;;;;;;;52;;;;;;;;;;;;;;;;;;;;;-0,1;
28,1;3,1;269;;;;;;;;;;;;52;;;;;;;;;;;;;;;;;;;;;1,1;
28,2;3,7;313;;;;;;;;;;;;52;;;;;;;;;;;;;;;;;;;;;1,3;
28,3;5,2;384;;;;;;;;;;;;52;;;;;;;;;;;;;;;;;;;;;0,2;
28,4;6,6;546;;;;;;;;;;;;52;;;;;;;;;;;;;;;;;;;;;0,5;
28,5;8,5;726;;;;;;;;;;;;52;;;;;;;;;;;;;;;;;;;;;-0,2;
28,6;9,9;899;;;;;;;;;;;;52;;;;;;;;;;;;;;;;;;;;;-0,3;
28,7;10,4;973;;;;;;;;;;;;52;;;;;;;;;;;;;;;;;;;;;-0,4;
28,8;10,7;1017;;;;;;;;;;;;52;;;;;;;;;;;;;;;;;;;;;-0,3;
28,9;10,3;1015;;;;;;;;;;;;52;;;;;;;;;;;;;;;;;;;;;-0,5;
29;9,8;986;;;;;;;;;;;;52;;;;;;;;;;;;;;;;;;;;;-0,3;
29,1;9,3;947;;;;;;;;;;;;52;;;;;;;;;;;;;;;;;;;;;-0,5;
29,2;9,3;908;;;;;;;;;;;;52;;;;;;;;;;;;;;;;;;;;;-0,1;
29,3;8,7;895;;;;;;;;;;;;52;;;;;;;;;;;;;;;;;;;;;-0,4;
29,4;9;898;;;;;;;;;;;;52,1;;;;;;;;;;;;;;;;;;;;;-0,2;
29,5;7,7;814;;;;;;;;;;;;52,1;;;;;;;;;;;;;;;;;;;;;-0,1;
29,6;8,8;803;;;;;;;;;;;;52,1;;;;;;;;;;;;;;;;;;;;;-0,3;
29,7;9,5;887;;;;;;;;;;;;52;;;;;;;;;;;;;;;;;;;;;0,3;
29,8;10,1;962;;;;;;;;;;;;52,1;;;;;;;;;;;;;;;;;;;;;-0,2;
29,9;11,2;1021;;;;;;;;;;;;52,1;;;;;;;;;;;;;;;;;;;;;-0,2;
30;10,3;1027;;;;;;;;;;;;52,1;;;;;;;;;;;;;;;;;;;;;-0,2;
30,1;10,9;1030;;;;;;;;;;;;52,1;;;;;;;;;;;;;;;;;;;;;-0,9;
30,2;11,5;1065;;;;;;;;;;;;52,1;;;;;;;;;;;;;;;;;;;;;-0,4;
30,3;12;1130;;;;;;;;;;;;52,1;;;;;;;;;;;;;;;;;;;;;-0,4;
30,4;12,9;1205;;;;;;;;;;;;52,1;;;;;;;;;;;;;;;;;;;;;-0,4;
30,5;13,4;1281;;;;;;;;;;;;52,1;;;;;;;;;;;;;;;;;;;;;-0,7;
30,6;14,8;1362;;;;;;;;;;;;52,1;;;;;;;;;;;;;;;;;;;;;-0,5;
30,7;15,3;1415;;;;;;;;;;;;52,1;;;;;;;;;;;;;;;;;;;;;-0,4;
30,8;15,1;1474;;;;;;;;;;;;52,1;;;;;;;;;;;;;;;;;;;;;-1;
30,9;16;1506;;;;;;;;;;;;52,1;;;;;;;;;;;;;;;;;;;;;-1,3;
31;16,2;1527;;;;;;;;;;;;52,1;;;;;;;;;;;;;;;;;;;;;-0,7;
31,1;15,8;1538;;;;;;;;;;;;52,1;;;;;;;;;;;;;;;;;;;;;-1,2;
31,2;16,3;1544;;;;;;;;;;;;52,1;;;;;;;;;;;;;;;;;;;;;-0,9;
31,3;16,3;1533;;;;;;;;;;;;52,1;;;;;;;;;;;;;;;;;;;;;-1,3;
31,4;16,5;1586;;;;;;;;;;;;52,1;;;;;;;;;;;;;;;;;;;;;-0,5;
31,5;17,1;1627;;;;;;;;;;;;52,1;;;;;;;;;;;;;;;;;;;;;-0,2;
31,6;17,8;1707;;;;;;;;;;;;52,1;;;;;;;;;;;;;;;;;;;;;-0,5;
31,7;18,6;1779;;;;;;;;;;;;52,1;;;;;;;;;;;;;;;;;;;;;-1,8;
31,8;19,6;1833;;;;;;;;;;;;52,2;;;;;;;;;;;;;;;;;;;;;-0,8;
31,9;19,8;1880;;;;;;;;;;;;52,2;;;;;;;;;;;;;;;;;;;;;-0,6;
32;19,6;1892;;;;;;;;;;;;52,1;;;;;;;;;;;;;;;;;;;;;-1,6;
32,1;19,6;1904;;;;;;;;;;;;52,1;;;;;;;;;;;;;;;;;;;;;-0,4;
32,2;20,6;1941;;;;;;;;;;;;52,1;;;;;;;;;;;;;;;;;;;;;-1,7;
32,3;20,5;1952;;;;;;;;;;;;52,2;;;;;;;;;;;;;;;;;;;;;-1,1;
32,4;20,3;1964;;;;;;;;;;;;52,2;;;;;;;;;;;;;;;;;;;;;-1,1;
32,5;20,2;1952;;;;;;;;;;;;52,2;;;;;;;;;;;;;;;;;;;;;-1,1;
32,6;20,6;1975;;;;;;;;;;;;52,2;;;;;;;;;;;;;;;;;;;;;-1,2;
32,7;20;1929;;;;;;;;;;;;52,2;;;;;;;;;;;;;;;;;;;;;-0,9;
32,8;20,2;1918;;;;;;;;;;;;52,2;;;;;;;;;;;;;;;;;;;;;-1;
32,9;20;1914;;;;;;;;;;;;52,2;;;;;;;;;;;;;;;;;;;;;-1,2;
33;20;1932;;;;;;;;;;;;52,2;;;;;;;;;;;;;;;;;;;;;-1,3;
33,1;20,4;1962;;;;;;;;;;;;52,2;;;;;;;;;;;;;;;;;;;;;-0,8;
33,2;21;2008;;;;;;;;;;;;52,2;;;;;;;;;;;;;;;;;;;;;-1,9;
33,3;20,8;2005;;;;;;;;;;;;52,2;;;;;;;;;;;;;;;;;;;;;-1,1;
33,4;20,3;2011;;;;;;;;;;;;52,2;;;;;;;;;;;;;;;;;;;;;-1,6;
33,5;20,3;2002;;;;;;;;;;;;52,2;;;;;;;;;;;;;;;;;;;;;-1,9;
33,6;21,8;2043;;;;;;;;;;;;52,2;;;;;;;;;;;;;;;;;;;;;-0,9;
33,7;20,1;2024;;;;;;;;;;;;52,2;;;;;;;;;;;;;;;;;;;;;-0,8;
33,8;21,3;2028;;;;;;;;;;;;52,2;;;;;;;;;;;;;;;;;;;;;-1,7;
33,9;21,1;2026;;;;;;;;;;;;52,2;;;;;;;;;;;;;;;;;;;;;-1,3;
34;21,5;2054;;;;;;;;;;;;52,2;;;;;;;;;;;;;;;;;;;;;-0,9;
34,1;21,1;2041;;;;;;;;;;;;52,2;;;;;;;;;;;;;;;;;;;;;-1,3;
34,2;21,4;2065;;;;;;;;;;;;52,2;;;;;;;;;;;;;;;;;;;;;-1,7;
34,3;21,3;2062;;;;;;;;;;;;52,2;;;;;;;;;;;;;;;;;;;;;-1,7;
34,4;21,6;2075;;;;;;;;;;;;52,2;;;;;;;;;;;;;;;;;;;;;-0,9;
34,5;20,8;2061;;;;;;;;;;;;52,3;;;;;;;;;;;;;;;;;;;;;-1,2;
34,6;21,2;2058;;;;;;;;;;;;52,2;;;;;;;;;;;;;;;;;;;;;-0,8;
34,7;21,7;2069;;;;;;;;;;;;52,3;;;;;;;;;;;;;;;;;;;;;-1,1;
34,8;22;2097;;;;;;;;;;;;52,3;;;;;;;;;;;;;;;;;;;;;-1,8;
34,9;21,8;2117;;;;;;;;;;;;52,3;;;;;;;;;;;;;;;;;;;;;-1,6;
35;22,3;2144;;;;;;;;;;;;52,2;;;;;;;;;;;;;;;;;;;;;-2;
35,1;22,7;2184;;;;;;;;;;;;52,3;;;;;;;;;;;;;;;;;;;;;-1;
35,2;22,8;2191;;;;;;;;;;;;52,3;;;;;;;;;;;;;;;;;;;;;-2,1;
35,3;22,5;2191;;;;;;;;;;;;52,3;;;;;;;;;;;;;;;;;;;;;-1,7;
35,4;22,5;2187;;;;;;;;;;;;52,3;;;;;;;;;;;;;;;;;;;;;-1,4;
35,5;21,8;2140;;;;;;;;;;;;52,3;;;;;;;;;;;;;;;;;;;;;-1,6;
35,6;21;2094;;;;;;;;;;;;52,3;;;;;;;;;;;;;;;;;;;;;-1,2;
35,7;20,6;2034;;;;;;;;;;;;52,3;;;;;;;;;;;;;;;;;;;;;-0,4;
35,8;20,4;1992;;;;;;;;;;;;52,2;;;;;;;;;;;;;;;;;;;;;-0,2;
35,9;19,2;1920;;;;;;;;;;;;52,3;;;;;;;;;;;;;;;;;;;;;-0,6;
36;18,1;1823;;;;;;;;;;;;52,3;;;;;;;;;;;;;;;;;;;;;-0,8;
36,1;17,5;1751;;;;;;;;;;;;52,2;;;;;;;;;;;;;;;;;;;;;-0,1;
36,2;17,4;1752;;;;;;;;;;;;52,1;;;;;;;;;;;;;;;;;;;;;6,2;
36,3;15,9;1640;;;;;;;;;;;;52,2;;;;;;;;;;;;;;;;;;;;;5,4;
36,4;15,2;1538;;;;;;;;;;;;52,2;;;;;;;;;;;;;;;;;;;;;5,8;
36,5;14,9;1473;;;;;;;;;;;;52,1;;;;;;;;;;;;;;;;;;;;;5;
36,6;13,6;1389;;;;;;;;;;;;52,2;;;;;;;;;;;;;;;;;;;;;3,8;
36,7;12,6;1277;;;;;;;;;;;;52;;;;;;;;;;;;;;;;;;;;;15,3;
36,8;11;1159;;;;;;;;;;;;52,3;;;;;;;;;;;;;;;;;;;;;-1;
36,9;9,1;1010;;;;;;;;;;;;52,3;;;;;;;;;;;;;;;;;;;;;-0,2;
37;7;812;;;;;;;;;;;;52,3;;;;;;;;;;;;;;;;;;;;;0,2;
37,1;4;550;;;;;;;;;;;;52,3;;;;;;;;;;;;;;;;;;;;;0,7;
37,2;3;344;;;;;;;;;;;;50,8;;;;;;;;;;;;;;;;;;;;;109;
37,3;14,4;1122;;;;;;;;;;;;51;;;;;;;;;;;;;;;;;;;;;75;
37,4;6;698;;;;;;;;;;;;50,9;;;;;;;;;;;;;;;;;;;;;80,4;
37,5;7,2;662;;;;;;;;;;;;50,9;;;;;;;;;;;;;;;;;;;;;84,7;
37,6;9,5;805;;;;;;;;;;;;50,5;;;;;;;;;;;;;;;;;;;;;103;
37,7;10,9;950;;;;;;;;;;;;50,8;;;;;;;;;;;;;;;;;;;;;87,1;
37,8;10;985;;;;;;;;;;;;50,7;;;;;;;;;;;;;;;;;;;;;96,7;
37,9;11,3;1040;;;;;;;;;;;;50,3;;;;;;;;;;;;;;;;;;;;;122,2;
38;11,9;1109;;;;;;;;;;;;50,2;;;;;;;;;;;;;;;;;;;;;123,6;
38,1;11,9;1161;;;;;;;;;;;;50,5;;;;;;;;;;;;;;;;;;;;;109,4;
38,2;11,7;1137;;;;;;;;;;;;50,2;;;;;;;;;;;;;;;;;;;;;116,8;
38,3;14,3;1171;;;;;;;;;;;;48,8;;;;;;;;;;;;;;;;;;;;;223,1;
38,4;16;1476;;;;;;;;;;;;48,6;;;;;;;;;;;;;;;;;;;;;218,9;
38,5;15,3;1480;;;;;;;;;;;;49,5;;;;;;;;;;;;;;;;;;;;;151;
38,6;14,3;1436;;;;;;;;;;;;50;;;;;;;;;;;;;;;;;;;;;129,5;
38,7;16,8;1435;;;;;;;;;;;;49,7;;;;;;;;;;;;;;;;;;;;;149,8;
38,8;15,4;1427;;;;;;;;;;;;47,9;;;;;;;;;;;;;;;;;;;;;263;
38,9;17;1597;;;;;;;;;;;;47,7;;;;;;;;;;;;;;;;;;;;;286,6;
39;19,2;1721;;;;;;;;;;;;48,3;;;;;;;;;;;;;;;;;;;;;230,9;
39,1;18,4;1801;;;;;;;;;;;;49,6;;;;;;;;;;;;;;;;;;;;;139,4;
39,2;16,3;1688;;;;;;;;;;;;49,9;;;;;;;;;;;;;;;;;;;;;113,6;
39,3;16;1602;;;;;;;;;;;;49,2;;;;;;;;;;;;;;;;;;;;;180;
39,4;15,5;1652;;;;;;;;;;;;48,8;;;;;;;;;;;;;;;;;;;;;202,5;
39,5;16,3;1653;;;;;;;;;;;;49,5;;;;;;;;;;;;;;;;;;;;;150,2;
39,6;16,4;1614;;;;;;;;;;;;49,4;;;;;;;;;;;;;;;;;;;;;154,6;
39,7;17;1609;;;;;;;;;;;;49,4;;;;;;;;;;;;;;;;;;;;;161,1;
39,8;17;1622;;;;;;;;;;;;49,3;;;;;;;;;;;;;;;;;;;;;158,2;
39,9;18,7;1674;;;;;;;;;;;;49,7;;;;;;;;;;;;;;;;;;;;;128,5;
40;17,6;1688;;;;;;;;;;;;49,6;;;;;;;;;;;;;;;;;;;;;134,3;
40,1;17,5;1680;;;;;;;;;;;;49,5;;;;;;;;;;;;;;;;;;;;;140,2;
40,2;17,2;1670;;;;;;;;;;;;49,5;;;;;;;;;;;;;;;;;;;;;138,3;
40,3;17,8;1707;;;;;;;;;;;;49,2;;;;;;;;;;;;;;;;;;;;;166,8;
40,4;17,5;1711;;;;;;;;;;;;50;;;;;;;;;;;;;;;;;;;;;113,5;
40,5;17,4;1703;;;;;;;;;;;;49,9;;;;;;;;;;;;;;;;;;;;;115,3;
40,6;17,9;1713;;;;;;;;;;;;49,9;;;;;;;;;;;;;;;;;;;;;108,6;
40,7;17,8;1719;;;;;;;;;;;;49,9;;;;;;;;;;;;;;;;;;;;;104,4;
40,8;18,3;1743;;;;;;;;;;;;50;;;;;;;;;;;;;;;;;;;;;111,7;
40,9;18,1;1746;;;;;;;;;;;;50,2;;;;;;;;;;;;;;;;;;;;;88,7;
41;18,3;1756;;;;;;;;;;;;50,4;;;;;;;;;;;;;;;;;;;;;84,9;
41,1;18,1;1756;;;;;;;;;;;;50,7;;;;;;;;;;;;;;;;;;;;;63,5;
41,2;17,9;1743;;;;;;;;;;;;50,8;;;;;;;;;;;;;;;;;;;;;55,6;
41,3;17,9;1698;;;;;;;;;;;;51,4;;;;;;;;;;;;;;;;;;;;;12,9;
41,4;16,1;1638;;;;;;;;;;;;51,7;;;;;;;;;;;;;;;;;;;;;-4,6;
41,5;15,5;1567;;;;;;;;;;;;51,7;;;;;;;;;;;;;;;;;;;;;-0,4;
41,6;14,3;1452;;;;;;;;;;;;51,7;;;;;;;;;;;;;;;;;;;;;-0,8;
41,7;12,1;1274;;;;;;;;;;;;51,8;;;;;;;;;;;;;;;;;;;;;-0,3;
41,8;9,2;1074;;;;;;;;;;;;51,8;;;;;;;;;;;;;;;;;;;;;-0,3;
41,9;5,8;785;;;;;;;;;;;;51,8;;;;;;;;;;;;;;;;;;;;;-0,1;
42;3,6;525;;;;;;;;;;;;51,8;;;;;;;;;;;;;;;;;;;;;0,2;
42,1;1,7;287;;;;;;;;;;;;51,8;;;;;;;;;;;;;;;;;;;;;0,2;
42,2;0,7;125;;;;;;;;;;;;51,8;;;;;;;;;;;;;;;;;;;;;-0,1;
42,3;-0,8;-34;;;;;;;;;;;;51,8;;;;;;;;;;;;;;;;;;;;;0,5;
42,4;-1,2;-70;;;;;;;;;;;;51,8;;;;;;;;;;;;;;;;;;;;;0,6;
42,5;0;-33;;;;;;;;;;;;51,9;;;;;;;;;;;;;;;;;;;;;-0,1;
42,6;0;-8;;;;;;;;;;;;51,9;;;;;;;;;;;;;;;;;;;;;-0,1;
42,7;-0,2;-11;;;;;;;;;;;;51,9;;;;;;;;;;;;;;;;;;;;;0,2;
42,8;0;-13;;;;;;;;;;;;51,9;;;;;;;;;;;;;;;;;;;;;-0,1;
42,9;0;-3;;;;;;;;;;;;51,9;;;;;;;;;;;;;;;;;;;;;-0,1;
43;0;-1;;;;;;;;;;;;51,9;;;;;;;;;;;;;;;;;;;;;-0,1;
43,1;-0,4;-2;;;;;;;;;;;;51,9;;;;;;;;;;;;;;;;;;;;;0,2;
43,2;-0,5;-46;;;;;;;;;;;;51,9;;;;;;;;;;;;;;;;;;;;;0,5;
43,3;-0,5;-53;;;;;;;;;;;;51,9;;;;;;;;;;;;;;;;;;;;;2;
43,4;2,2;84;;;;;;;;;;;;50,7;;;;;;;;;;;;;;;;;;;;;97,4;
43,5;10;938;;;;;;;;;;;;50,3;;;;;;;;;;;;;;;;;;;;;112,4;
43,6;9,7;836;;;;;;;;;;;;49,9;;;;;;;;;;;;;;;;;;;;;130,8;
43,7;9,9;929;;;;;;;;;;;;50,9;;;;;;;;;;;;;;;;;;;;;65,8;
43,8;15,1;1065;;;;;;;;;;;;48,7;;;;;;;;;;;;;;;;;;;;;215,2;
43,9;17;1540;;;;;;;;;;;;46,7;;;;;;;;;;;;;;;;;;;;;340,6;
44;16,9;1601;;;;;;;;;;;;46,6;;;;;;;;;;;;;;;;;;;;;348;
44,1;18,7;1712;;;;;;;;;;;;47,1;;;;;;;;;;;;;;;;;;;;;305,3;
44,2;20,2;1867;;;;;;;;;;;;48,2;;;;;;;;;;;;;;;;;;;;;241,4;
44,3;20,1;1937;;;;;;;;;;;;49,6;;;;;;;;;;;;;;;;;;;;;122,7;
44,4;20,1;1925;;;;;;;;;;;;49,6;;;;;;;;;;;;;;;;;;;;;137,5;
44,5;22,7;2060;;;;;;;;;;;;47,3;;;;;;;;;;;;;;;;;;;;;305,8;
44,6;22,5;2103;;;;;;;;;;;;47,2;;;;;;;;;;;;;;;;;;;;;298,8;
44,7;22,7;2186;;;;;;;;;;;;47,1;;;;;;;;;;;;;;;;;;;;;329;
44,8;22;2144;;;;;;;;;;;;47;;;;;;;;;;;;;;;;;;;;;322;
44,9;24;2217;;;;;;;;;;;;47,2;;;;;;;;;;;;;;;;;;;;;276,7;
45;23,4;2295;;;;;;;;;;;;46,9;;;;;;;;;;;;;;;;;;;;;301,7;
45,1;25;2384;;;;;;;;;;;;47,5;;;;;;;;;;;;;;;;;;;;;275,5;
45,2;26,1;2476;;;;;;;;;;;;47,6;;;;;;;;;;;;;;;;;;;;;246,7;
45,3;27,7;2584;;;;;;;;;;;;47,8;;;;;;;;;;;;;;;;;;;;;232,8;
45,4;29,2;2724;;;;;;;;;;;;47,9;;;;;;;;;;;;;;;;;;;;;237,5;
45,5;29,5;2808;;;;;;;;;;;;48;;;;;;;;;;;;;;;;;;;;;242,9;
45,6;30,9;2920;;;;;;;;;;;;48,1;;;;;;;;;;;;;;;;;;;;;231,8;
45,7;30,2;2945;;;;;;;;;;;;51,3;;;;;;;;;;;;;;;;;;;;;-5,2;
45,8;29,8;2912;;;;;;;;;;;;51,4;;;;;;;;;;;;;;;;;;;;;-1;
45,9;28;2826;;;;;;;;;;;;51,4;;;;;;;;;;;;;;;;;;;;;-2,6;
46;27,8;2747;;;;;;;;;;;;51,5;;;;;;;;;;;;;;;;;;;;;-1;
46,1;27,5;2667;;;;;;;;;;;;51,5;;;;;;;;;;;;;;;;;;;;;-2,2;
46,2;26,4;2589;;;;;;;;;;;;51,6;;;;;;;;;;;;;;;;;;;;;-2,5;
46,3;25,7;2522;;;;;;;;;;;;51,6;;;;;;;;;;;;;;;;;;;;;-1,8;
46,4;25,1;2454;;;;;;;;;;;;51,6;;;;;;;;;;;;;;;;;;;;;-1,8;
46,5;24,7;2404;;;;;;;;;;;;51,7;;;;;;;;;;;;;;;;;;;;;-0,7;
46,6;25,4;2405;;;;;;;;;;;;51,7;;;;;;;;;;;;;;;;;;;;;-2;
46,7;24,9;2405;;;;;;;;;;;;51,7;;;;;;;;;;;;;;;;;;;;;-1,9;
46,8;26;2441;;;;;;;;;;;;51,7;;;;;;;;;;;;;;;;;;;;;-1,6;
46,9;25,3;2430;;;;;;;;;;;;51,7;;;;;;;;;;;;;;;;;;;;;-1,8;
47;25,5;2428;;;;;;;;;;;;51,7;;;;;;;;;;;;;;;;;;;;;-1,2;
47,1;25,4;2447;;;;;;;;;;;;51,7;;;;;;;;;;;;;;;;;;;;;-2,1;
47,2;25;2441;;;;;;;;;;;;51,7;;;;;;;;;;;;;;;;;;;;;-1,2;
47,3;25,2;2426;;;;;;;;;;;;51,7;;;;;;;;;;;;;;;;;;;;;-2,4;
47,4;24,3;2378;;;;;;;;;;;;51,7;;;;;;;;;;;;;;;;;;;;;-1,2;
47,5;22,1;2264;;;;;;;;;;;;51,7;;;;;;;;;;;;;;;;;;;;;-1;
47,6;20,4;2101;;;;;;;;;;;;51,7;;;;;;;;;;;;;;;;;;;;;-1,8;
47,7;18,3;1924;;;;;;;;;;;;51,7;;;;;;;;;;;;;;;;;;;;;-1,4;
47,8;17,2;1740;;;;;;;;;;;;51,8;;;;;;;;;;;;;;;;;;;;;-1,6;
47,9;15,7;1603;;;;;;;;;;;;51,8;;;;;;;;;;;;;;;;;;;;;-1,1;
48;14,2;1455;;;;;;;;;;;;51,8;;;;;;;;;;;;;;;;;;;;;-0,6;
48,1;13,4;1354;;;;;;;;;;;;51,8;;;;;;;;;;;;;;;;;;;;;1,3;
48,2;13,1;1290;;;;;;;;;;;;51,4;;;;;;;;;;;;;;;;;;;;;23,6;
48,3;12,6;1251;;;;;;;;;;;;51,6;;;;;;;;;;;;;;;;;;;;;11,5;
48,4;12,4;1226;;;;;;;;;;;;51,3;;;;;;;;;;;;;;;;;;;;;29,8;
48,5;12,9;1232;;;;;;;;;;;;51,1;;;;;;;;;;;;;;;;;;;;;44,5;
48,6;13;1251;;;;;;;;;;;;51,2;;;;;;;;;;;;;;;;;;;;;36,7;
48,7;12,8;1260;;;;;;;;;;;;51,2;;;;;;;;;;;;;;;;;;;;;41,8;
48,8;12,7;1258;;;;;;;;;;;;51,2;;;;;;;;;;;;;;;;;;;;;36,7;
48,9;13,1;1255;;;;;;;;;;;;51,2;;;;;;;;;;;;;;;;;;;;;40,9;
49;13,3;1254;;;;;;;;;;;;51,1;;;;;;;;;;;;;;;;;;;;;42,1;
49,1;12,6;1255;;;;;;;;;;;;51,2;;;;;;;;;;;;;;;;;;;;;36,8;
49,2;13;1261;;;;;;;;;;;;51,3;;;;;;;;;;;;;;;;;;;;;35,3;
49,3;12,8;1249;;;;;;;;;;;;51;;;;;;;;;;;;;;;;;;;;;52,2;
49,4;13,1;1269;;;;;;;;;;;;51,1;;;;;;;;;;;;;;;;;;;;;38,5;
49,5;12,3;1235;;;;;;;;;;;;51,2;;;;;;;;;;;;;;;;;;;;;38,7;
49,6;12,2;1203;;;;;;;;;;;;51,1;;;;;;;;;;;;;;;;;;;;;47,7;
49,7;11,9;1181;;;;;;;;;;;;51,1;;;;;;;;;;;;;;;;;;;;;48;
49,8;13,3;1215;;;;;;;;;;;;48,8;;;;;;;;;;;;;;;;;;;;;208,9;
49,9;15,7;1412;;;;;;;;;;;;50,1;;;;;;;;;;;;;;;;;;;;;114,7;
50;16,9;1547;;;;;;;;;;;;49,8;;;;;;;;;;;;;;;;;;;;;130;
50,1;19,4;1751;;;;;;;;;;;;48,3;;;;;;;;;;;;;;;;;;;;;236,8;
50,2;18,8;1902;;;;;;;;;;;;49;;;;;;;;;;;;;;;;;;;;;151,9;
50,3;20,2;1957;;;;;;;;;;;;48,6;;;;;;;;;;;;;;;;;;;;;209,6;
50,4;20,5;1970;;;;;;;;;;;;49,1;;;;;;;;;;;;;;;;;;;;;154,7;
50,5;20,7;1955;;;;;;;;;;;;47,6;;;;;;;;;;;;;;;;;;;;;261;
50,6;20,6;1978;;;;;;;;;;;;46,9;;;;;;;;;;;;;;;;;;;;;323,9;
50,7;20,3;1963;;;;;;;;;;;;46,8;;;;;;;;;;;;;;;;;;;;;330,4;
50,8;19,7;1940;;;;;;;;;;;;46,5;;;;;;;;;;;;;;;;;;;;;303,5;
50,9;20,8;1912;;;;;;;;;;;;46,5;;;;;;;;;;;;;;;;;;;;;324,7;
51;20;1918;;;;;;;;;;;;46,6;;;;;;;;;;;;;;;;;;;;;322,6;
51,1;18,7;1854;;;;;;;;;;;;46,5;;;;;;;;;;;;;;;;;;;;;338,3;
51,2;18,9;1830;;;;;;;;;;;;46,5;;;;;;;;;;;;;;;;;;;;;323,6;
51,3;18,6;1820;;;;;;;;;;;;46,4;;;;;;;;;;;;;;;;;;;;;330;
51,4;18,9;1819;;;;;;;;;;;;46,5;;;;;;;;;;;;;;;;;;;;;337,4;
51,5;19,5;1885;;;;;;;;;;;;46,2;;;;;;;;;;;;;;;;;;;;;345;
51,6;18,5;1843;;;;;;;;;;;;46,1;;;;;;;;;;;;;;;;;;;;;336,6;
51,7;17,9;1802;;;;;;;;;;;;46,4;;;;;;;;;;;;;;;;;;;;;339,4;
51,8;18,2;1774;;;;;;;;;;;;46,2;;;;;;;;;;;;;;;;;;;;;321,5;
51,9;19,7;1794;;;;;;;;;;;;46,6;;;;;;;;;;;;;;;;;;;;;322,3;
52;18,1;1772;;;;;;;;;;;;46,2;;;;;;;;;;;;;;;;;;;;;345,5;
52,1;18,9;1822;;;;;;;;;;;;46,4;;;;;;;;;;;;;;;;;;;;;343,5;
52,2;18,9;1831;;;;;;;;;;;;46,6;;;;;;;;;;;;;;;;;;;;;321,3;
52,3;21,4;1862;;;;;;;;;;;;47,7;;;;;;;;;;;;;;;;;;;;;214,8;
52,4;18,5;1770;;;;;;;;;;;;46,1;;;;;;;;;;;;;;;;;;;;;352;
52,5;18,2;1768;;;;;;;;;;;;46,1;;;;;;;;;;;;;;;;;;;;;327,6;
52,6;18,4;1810;;;;;;;;;;;;46,1;;;;;;;;;;;;;;;;;;;;;311,4;
52,7;18,7;1841;;;;;;;;;;;;46,2;;;;;;;;;;;;;;;;;;;;;353,8;
52,8;19,6;1893;;;;;;;;;;;;46,5;;;;;;;;;;;;;;;;;;;;;307,4;
52,9;19,9;1896;;;;;;;;;;;;46,2;;;;;;;;;;;;;;;;;;;;;327,2;
53;19,9;1906;;;;;;;;;;;;46,2;;;;;;;;;;;;;;;;;;;;;323,2;
53,1;20,2;1954;;;;;;;;;;;;46,3;;;;;;;;;;;;;;;;;;;;;317,3;
53,2;20,7;1973;;;;;;;;;;;;46,5;;;;;;;;;;;;;;;;;;;;;311,7;
53,3;21;2009;;;;;;;;;;;;46,4;;;;;;;;;;;;;;;;;;;;;300,1;
53,4;21,6;2074;;;;;;;;;;;;46,5;;;;;;;;;;;;;;;;;;;;;313,8;
53,5;22,6;2132;;;;;;;;;;;;46,7;;;;;;;;;;;;;;;;;;;;;287,1;
53,6;22,9;2184;;;;;;;;;;;;49,8;;;;;;;;;;;;;;;;;;;;;64,8;
53,7;22,2;2164;;;;;;;;;;;;50,6;;;;;;;;;;;;;;;;;;;;;15,9;
53,8;20,6;2038;;;;;;;;;;;;50,5;;;;;;;;;;;;;;;;;;;;;35,2;
53,9;20;1948;;;;;;;;;;;;50,7;;;;;;;;;;;;;;;;;;;;;28,3;
54;19,6;1914;;;;;;;;;;;;50,5;;;;;;;;;;;;;;;;;;;;;37,3;
54,1;19,6;1896;;;;;;;;;;;;50,9;;;;;;;;;;;;;;;;;;;;;17,4;
54,2;19,3;1886;;;;;;;;;;;;50,8;;;;;;;;;;;;;;;;;;;;;24,8;
54,3;19,4;1890;;;;;;;;;;;;50,8;;;;;;;;;;;;;;;;;;;;;18,8;
54,4;19,6;1878;;;;;;;;;;;;50,5;;;;;;;;;;;;;;;;;;;;;40,9;
54,5;19,2;1867;;;;;;;;;;;;50,9;;;;;;;;;;;;;;;;;;;;;24;
54,6;19,2;1861;;;;;;;;;;;;50,7;;;;;;;;;;;;;;;;;;;;;41,3;
54,7;18,8;1830;;;;;;;;;;;;50,7;;;;;;;;;;;;;;;;;;;;;34,3;
54,8;18,8;1812;;;;;;;;;;;;50,8;;;;;;;;;;;;;;;;;;;;;35,9;
54,9;18,9;1811;;;;;;;;;;;;50,5;;;;;;;;;;;;;;;;;;;;;61,8;
55;18,9;1824;;;;;;;;;;;;50,8;;;;;;;;;;;;;;;;;;;;;32,4;
55,1;18,5;1815;;;;;;;;;;;;50,7;;;;;;;;;;;;;;;;;;;;;35,4;
55,2;18,8;1813;;;;;;;;;;;;50,7;;;;;;;;;;;;;;;;;;;;;38,3;
55,3;18,4;1794;;;;;;;;;;;;50,8;;;;;;;;;;;;;;;;;;;;;35,3;
55,4;18,3;1776;;;;;;;;;;;;50,8;;;;;;;;;;;;;;;;;;;;;28;
55,5;18,2;1760;;;;;;;;;;;;50,8;;;;;;;;;;;;;;;;;;;;;38,3;
55,6;17,8;1741;;;;;;;;;;;;50,9;;;;;;;;;;;;;;;;;;;;;28,7;
55,7;17,2;1690;;;;;;;;;;;;51,1;;;;;;;;;;;;;;;;;;;;;18,8;
55,8;16,3;1629;;;;;;;;;;;;51,2;;;;;;;;;;;;;;;;;;;;;10,7;
55,9;16,3;1551;;;;;;;;;;;;51,4;;;;;;;;;;;;;;;;;;;;;-1;
56;13,8;1441;;;;;;;;;;;;51,4;;;;;;;;;;;;;;;;;;;;;-0,2;
56,1;12,9;1335;;;;;;;;;;;;51,4;;;;;;;;;;;;;;;;;;;;;-0,6;
56,2;10,1;1133;;;;;;;;;;;;51,4;;;;;;;;;;;;;;;;;;;;;-0,7;
56,3;8,5;930;;;;;;;;;;;;51,4;;;;;;;;;;;;;;;;;;;;;-0,2;
56,4;7,1;785;;;;;;;;;;;;51,4;;;;;;;;;;;;;;;;;;;;;-0,1;
56,5;5,5;625;;;;;;;;;;;;51,5;;;;;;;;;;;;;;;;;;;;;-0,1;
56,6;4,9;508;;;;;;;;;;;;51,5;;;;;;;;;;;;;;;;;;;;;2,9;
56,7;4,3;437;;;;;;;;;;;;51,4;;;;;;;;;;;;;;;;;;;;;12,9;
56,8;5;464;;;;;;;;;;;;51,4;;;;;;;;;;;;;;;;;;;;;3,2;
56,9;5,9;505;;;;;;;;;;;;51,5;;;;;;;;;;;;;;;;;;;;;3,9;
57;5,4;526;;;;;;;;;;;;51,4;;;;;;;;;;;;;;;;;;;;;7,7;
57,1;5,3;495;;;;;;;;;;;;51,5;;;;;;;;;;;;;;;;;;;;;-0,1;
57,2;4,4;464;;;;;;;;;;;;51,5;;;;;;;;;;;;;;;;;;;;;0,5;
57,3;1,8;314;;;;;;;;;;;;51,6;;;;;;;;;;;;;;;;;;;;;-0,1;
57,4;0,3;152;;;;;;;;;;;;51,6;;;;;;;;;;;;;;;;;;;;;-0,1;
57,5;0;30;;;;;;;;;;;;51,6;;;;;;;;;;;;;;;;;;;;;-0,1;
57,6;0;6;;;;;;;;;;;;51,6;;;;;;;;;;;;;;;;;;;;;-0,1;
57,7;0;1;;;;;;;;;;;;51,6;;;;;;;;;;;;;;;;;;;;;-0,1;
57,8;0;0;;;;;;;;;;;;51,6;;;;;;;;;;;;;;;;;;;;;-0,1;
57,9;0;0;;;;;;;;;;;;51,6;;;;;;;;;;;;;;;;;;;;;-0,1;
58;0;0;;;;;;;;;;;;51,6;;;;;;;;;;;;;;;;;;;;;-0,1;
58,1;0;0;;;;;;;;;;;;51,7;;;;;;;;;;;;;;;;;;;;;-0,1;
58,2;0,5;15;;;;;;;;;;;;51,7;;;;;;;;;;;;;;;;;;;;;2,1;
58,3;-0,1;11;;;;;;;;;;;;51,6;;;;;;;;;;;;;;;;;;;;;6,8;
58,4;-1,7;-84;;;;;;;;;;;;51,4;;;;;;;;;;;;;;;;;;;;;17,8;
58,5;-1,7;-145;;;;;;;;;;;;51,5;;;;;;;;;;;;;;;;;;;;;11,6;
58,6;-1,6;-172;;;;;;;;;;;;51,5;;;;;;;;;;;;;;;;;;;;;14,6;
58,7;-1,6;-165;;;;;;;;;;;;51,4;;;;;;;;;;;;;;;;;;;;;21,8;
58,8;-2,2;-195;;;;;;;;;;;;51,4;;;;;;;;;;;;;;;;;;;;;19,8;
58,9;-2,7;-231;;;;;;;;;;;;51,4;;;;;;;;;;;;;;;;;;;;;21,6;
59;-3,2;-291;;;;;;;;;;;;51,4;;;;;;;;;;;;;;;;;;;;;23,4;
59,1;-3,7;-338;;;;;;;;;;;;51,4;;;;;;;;;;;;;;;;;;;;;20,4;
59,2;-3,6;-355;;;;;;;;;;;;51,4;;;;;;;;;;;;;;;;;;;;;19,2;
59,3;-2,6;-296;;;;;;;;;;;;51,3;;;;;;;;;;;;;;;;;;;;;32,8;
59,4;-2,9;-287;;;;;;;;;;;;51,3;;;;;;;;;;;;;;;;;;;;;32,2;
59,5;-3;-298;;;;;;;;;;;;51,4;;;;;;;;;;;;;;;;;;;;;18,1;
59,6;-2,2;-235;;;;;;;;;;;;51,7;;;;;;;;;;;;;;;;;;;;;0,2;
59,7;-0,4;-100;;;;;;;;;;;;51,7;;;;;;;;;;;;;;;;;;;;;-0,1;
59,8;0;-27;;;;;;;;;;;;51,7;;;;;;;;;;;;;;;;;;;;;-0,1;
59,9;0;-6;;;;;;;;;;;;51,7;;;;;;;;;;;;;;;;;;;;;-0,1;
60;0;-1;;;;;;;;;;;;51,7;;;;;;;;;;;;;;;;;;;;;-0,1;
60,1;0;0;;;;;;;;;;;;51,7;;;;;;;;;;;;;;;;;;;;;-0,1;
60,2;0;0;;;;;;;;;;;;51,7;;;;;;;;;;;;;;;;;;;;;-0,1;
60,3;-0,8;-61;;;;;;;;;;;;51,7;;;;;;;;;;;;;;;;;;;;;0,5;
60,4;-1,3;-99;;;;;;;;;;;;51,7;;;;;;;;;;;;;;;;;;;;;0,9;
60,5;-1,9;-155;;;;;;;;;;;;51,7;;;;;;;;;;;;;;;;;;;;;0,3;
60,6;-2,7;-215;;;;;;;;;;;;51,7;;;;;;;;;;;;;;;;;;;;;1,1;
60,7;-3,5;-287;;;;;;;;;;;;51,7;;;;;;;;;;;;;;;;;;;;;1,4;
60,8;-4,1;-363;;;;;;;;;;;;51,7;;;;;;;;;;;;;;;;;;;;;1,6;
60,9;-4,5;-421;;;;;;;;;;;;51,7;;;;;;;;;;;;;;;;;;;;;1,5;
61;-5,2;-465;;;;;;;;;;;;51,7;;;;;;;;;;;;;;;;;;;;;1,1;
61,1;-5,2;-494;;;;;;;;;;;;51,7;;;;;;;;;;;;;;;;;;;;;3;
61,2;-5,2;-501;;;;;;;;;;;;51,7;;;;;;;;;;;;;;;;;;;;;5,1;
61,3;-4,8;-487;;;;;;;;;;;;51,8;;;;;;;;;;;;;;;;;;;;;1,5;
61,4;-4,4;-456;;;;;;;;;;;;51,8;;;;;;;;;;;;;;;;;;;;;0,5;
61,5;-4,1;-421;;;;;;;;;;;;51,8;;;;;;;;;;;;;;;;;;;;;3,3;
61,6;-3,7;-386;;;;;;;;;;;;51,8;;;;;;;;;;;;;;;;;;;;;3,7;
61,7;-3,6;-363;;;;;;;;;;;;51,8;;;;;;;;;;;;;;;;;;;;;1,2;
61,8;-3,4;-334;;;;;;;;;;;;51,7;;;;;;;;;;;;;;;;;;;;;10,9;
61,9;-3,1;-298;;;;;;;;;;;;51,8;;;;;;;;;;;;;;;;;;;;;3,1;
62;-2,7;-270;;;;;;;;;;;;51,8;;;;;;;;;;;;;;;;;;;;;-0,1;
62,1;-2,4;-253;;;;;;;;;;;;51,8;;;;;;;;;;;;;;;;;;;;;-0,1;
62,2;-2;-221;;;;;;;;;;;;51,8;;;;;;;;;;;;;;;;;;;;;0,3;
62,3;-2;-203;;;;;;;;;;;;51,8;;;;;;;;;;;;;;;;;;;;;0,3;
62,4;-2;-196;;;;;;;;;;;;51,8;;;;;;;;;;;;;;;;;;;;;3,8;
62,5;-1,6;-193;;;;;;;;;;;;51,8;;;;;;;;;;;;;;;;;;;;;6,2;
62,6;-1,2;-158;;;;;;;;;;;;51,8;;;;;;;;;;;;;;;;;;;;;7;
62,7;-1,1;-129;;;;;;;;;;;;51,8;;;;;;;;;;;;;;;;;;;;;0,2;
62,8;-0,9;-99;;;;;;;;;;;;51,8;;;;;;;;;;;;;;;;;;;;;0,2;
62,9;-0,5;-72;;;;;;;;;;;;51,9;;;;;;;;;;;;;;;;;;;;;-0,1;
63;0;-17;;;;;;;;;;;;51,9;;;;;;;;;;;;;;;;;;;;;-0,1;
63,1;-0,8;-23;;;;;;;;;;;;51,8;;;;;;;;;;;;;;;;;;;;;4,2;
63,2;1,6;31;;;;;;;;;;;;51,7;;;;;;;;;;;;;;;;;;;;;18,2;
63,3;3;183;;;;;;;;;;;;51,4;;;;;;;;;;;;;;;;;;;;;45,3;
63,4;5,4;398;;;;;;;;;;;;51,3;;;;;;;;;;;;;;;;;;;;;38,7;
63,5;7,9;633;;;;;;;;;;;;51,2;;;;;;;;;;;;;;;;;;;;;46,3;
63,6;9,4;808;;;;;;;;;;;;51,3;;;;;;;;;;;;;;;;;;;;;44,2;
63,7;10,5;942;;;;;;;;;;;;51,4;;;;;;;;;;;;;;;;;;;;;29,2;
63,8;11,6;1057;;;;;;;;;;;;51,4;;;;;;;;;;;;;;;;;;;;;29;
63,9;12,4;1159;;;;;;;;;;;;51,4;;;;;;;;;;;;;;;;;;;;;29,3;
64;13,1;1217;;;;;;;;;;;;51,4;;;;;;;;;;;;;;;;;;;;;33,7;
64,1;13,5;1288;;;;;;;;;;;;51,4;;;;;;;;;;;;;;;;;;;;;30;
64,2;14,5;1358;;;;;;;;;;;;51,4;;;;;;;;;;;;;;;;;;;;;27,2;
64,3;14,8;1405;;;;;;;;;;;;51,4;;;;;;;;;;;;;;;;;;;;;24,9;
64,4;15,4;1463;;;;;;;;;;;;51,5;;;;;;;;;;;;;;;;;;;;;19,8;
64,5;15,5;1492;;;;;;;;;;;;51,6;;;;;;;;;;;;;;;;;;;;;17,5;
64,6;15,7;1517;;;;;;;;;;;;51,6;;;;;;;;;;;;;;;;;;;;;16,2;
64,7;15,8;1530;;;;;;;;;;;;51,6;;;;;;;;;;;;;;;;;;;;;15,9;
64,8;16,1;1553;;;;;;;;;;;;51,6;;;;;;;;;;;;;;;;;;;;;17,9;
64,9;15,9;1563;;;;;;;;;;;;51,6;;;;;;;;;;;;;;;;;;;;;16;
65;16;1569;;;;;;;;;;;;51,7;;;;;;;;;;;;;;;;;;;;;5,5;
65,1;15,8;1552;;;;;;;;;;;;51,8;;;;;;;;;;;;;;;;;;;;;5,1;
65,2;15,8;1554;;;;;;;;;;;;51,7;;;;;;;;;;;;;;;;;;;;;6;
65,3;15,7;1524;;;;;;;;;;;;51,7;;;;;;;;;;;;;;;;;;;;;12,9;
65,4;15,2;1501;;;;;;;;;;;;51,7;;;;;;;;;;;;;;;;;;;;;10,7;
65,5;15;1466;;;;;;;;;;;;51,7;;;;;;;;;;;;;;;;;;;;;13,3;
65,6;14,7;1446;;;;;;;;;;;;51,7;;;;;;;;;;;;;;;;;;;;;13,6;
65,7;14,4;1409;;;;;;;;;;;;51,7;;;;;;;;;;;;;;;;;;;;;12,9;
65,8;14,1;1368;;;;;;;;;;;;51,7;;;;;;;;;;;;;;;;;;;;;13,4;
65,9;13,6;1339;;;;;;;;;;;;51,7;;;;;;;;;;;;;;;;;;;;;13,1;
66;13,4;1311;;;;;;;;;;;;51,7;;;;;;;;;;;;;;;;;;;;;10,9;
66,1;13,1;1266;;;;;;;;;;;;51,9;;;;;;;;;;;;;;;;;;;;;-0,8;
66,2;12,4;1228;;;;;;;;;;;;51,9;;;;;;;;;;;;;;;;;;;;;-0,7;
66,3;12,5;1221;;;;;;;;;;;;51,9;;;;;;;;;;;;;;;;;;;;;-0,7;
66,4;12,7;1230;;;;;;;;;;;;52;;;;;;;;;;;;;;;;;;;;;-0,5;
66,5;13,2;1264;;;;;;;;;;;;51,9;;;;;;;;;;;;;;;;;;;;;-0,7;
66,6;14;1316;;;;;;;;;;;;52;;;;;;;;;;;;;;;;;;;;;-0,3;
66,7;14,3;1365;;;;;;;;;;;;52;;;;;;;;;;;;;;;;;;;;;-0,9;
66,8;14,5;1400;;;;;;;;;;;;52;;;;;;;;;;;;;;;;;;;;;-0,9;
66,9;14,2;1393;;;;;;;;;;;;52;;;;;;;;;;;;;;;;;;;;;-0,9;
67;14;1349;;;;;;;;;;;;52;;;;;;;;;;;;;;;;;;;;;-0,7;
67,1;13,1;1319;;;;;;;;;;;;52;;;;;;;;;;;;;;;;;;;;;-0,5;
67,2;11,1;1187;;;;;;;;;;;;52;;;;;;;;;;;;;;;;;;;;;-0,6;
67,3;11,9;1134;;;;;;;;;;;;52;;;;;;;;;;;;;;;;;;;;;-0,5;
67,4;10,9;1119;;;;;;;;;;;;52;;;;;;;;;;;;;;;;;;;;;-0,6;
67,5;10,8;1061;;;;;;;;;;;;52;;;;;;;;;;;;;;;;;;;;;-0,5;
67,6;10,6;1018;;;;;;;;;;;;52;;;;;;;;;;;;;;;;;;;;;-0,4;
67,7;10,5;1020;;;;;;;;;;;;52;;;;;;;;;;;;;;;;;;;;;-0,3;
67,8;10,6;1017;;;;;;;;;;;;52;;;;;;;;;;;;;;;;;;;;;-0,7;
67,9;10,1;997;;;;;;;;;;;;52;;;;;;;;;;;;;;;;;;;;;-0,2;
68;10,2;1000;;;;;;;;;;;;52;;;;;;;;;;;;;;;;;;;;;-0,5;
68,1;10,5;1033;;;;;;;;;;;;52;;;;;;;;;;;;;;;;;;;;;-0,3;
68,2;10,8;1050;;;;;;;;;;;;52;;;;;;;;;;;;;;;;;;;;;-0,2;
68,3;11;1058;;;;;;;;;;;;52;;;;;;;;;;;;;;;;;;;;;-0,4;
68,4;11,4;1081;;;;;;;;;;;;52;;;;;;;;;;;;;;;;;;;;;-0,5;
68,5;11,2;1086;;;;;;;;;;;;52;;;;;;;;;;;;;;;;;;;;;-0,4;
68,6;11,2;1085;;;;;;;;;;;;52;;;;;;;;;;;;;;;;;;;;;-0,3;
68,7;11,5;1094;;;;;;;;;;;;52;;;;;;;;;;;;;;;;;;;;;-0,5;
68,8;11,2;1093;;;;;;;;;;;;52;;;;;;;;;;;;;;;;;;;;;-0,7;
68,9;11,9;1125;;;;;;;;;;;;52;;;;;;;;;;;;;;;;;;;;;-0,5;
69;10,8;1090;;;;;;;;;;;;52;;;;;;;;;;;;;;;;;;;;;-0,3;
69,1;11,3;1064;;;;;;;;;;;;52;;;;;;;;;;;;;;;;;;;;;-0,7;
69,2;11,2;1082;;;;;;;;;;;;52;;;;;;;;;;;;;;;;;;;;;-0,1;
69,3;11,3;1097;;;;;;;;;;;;52;;;;;;;;;;;;;;;;;;;;;-0,6;
69,4;10,6;1069;;;;;;;;;;;;52;;;;;;;;;;;;;;;;;;;;;-0,7;
69,5;10,7;1020;;;;;;;;;;;;52;;;;;;;;;;;;;;;;;;;;;-0,5;
69,6;11,4;1042;;;;;;;;;;;;52;;;;;;;;;;;;;;;;;;;;;-0,1;
69,7;10,9;1036;;;;;;;;;;;;52;;;;;;;;;;;;;;;;;;;;;-0,8;
69,8;10,1;1019;;;;;;;;;;;;52;;;;;;;;;;;;;;;;;;;;;-0,5;
69,9;11,6;1067;;;;;;;;;;;;52;;;;;;;;;;;;;;;;;;;;;-0,6;
70;11,3;1117;;;;;;;;;;;;52;;;;;;;;;;;;;;;;;;;;;-0,6;
70,1;12;1139;;;;;;;;;;;;52;;;;;;;;;;;;;;;;;;;;;-0,8;
70,2;12,1;1159;;;;;;;;;;;;52;;;;;;;;;;;;;;;;;;;;;-0,5;
70,3;11,8;1161;;;;;;;;;;;;52;;;;;;;;;;;;;;;;;;;;;-0,5;
70,4;11,6;1128;;;;;;;;;;;;52;;;;;;;;;;;;;;;;;;;;;-0,6;
70,5;11,2;1108;;;;;;;;;;;;52;;;;;;;;;;;;;;;;;;;;;-0,3;
70,6;11,9;1126;;;;;;;;;;;;52;;;;;;;;;;;;;;;;;;;;;-0,2;
70,7;10,9;1091;;;;;;;;;;;;52;;;;;;;;;;;;;;;;;;;;;-0,5;
70,8;11,3;1075;;;;;;;;;;;;52;;;;;;;;;;;;;;;;;;;;;-0,8;
70,9;11,6;1095;;;;;;;;;;;;52;;;;;;;;;;;;;;;;;;;;;0,2;
71;11,5;1111;;;;;;;;;;;;52;;;;;;;;;;;;;;;;;;;;;-0,5;
71,1;11,2;1111;;;;;;;;;;;;52;;;;;;;;;;;;;;;;;;;;;-0,5;
71,2;10,9;1093;;;;;;;;;;;;52;;;;;;;;;;;;;;;;;;;;;-0,4;
71,3;11,7;1108;;;;;;;;;;;;52,1;;;;;;;;;;;;;;;;;;;;;-0,6;
71,4;12,7;1176;;;;;;;;;;;;52;;;;;;;;;;;;;;;;;;;;;-0,8;
71,5;13,2;1253;;;;;;;;;;;;52;;;;;;;;;;;;;;;;;;;;;-0,7;
71,6;14,6;1370;;;;;;;;;;;;52;;;;;;;;;;;;;;;;;;;;;-1,4;
71,7;15;1397;;;;;;;;;;;;52,1;;;;;;;;;;;;;;;;;;;;;-0,7;
71,8;13,3;1366;;;;;;;;;;;;52,1;;;;;;;;;;;;;;;;;;;;;-1;
71,9;12,9;1291;;;;;;;;;;;;52;;;;;;;;;;;;;;;;;;;;;-0,1;
72;13,4;1246;;;;;;;;;;;;52,1;;;;;;;;;;;;;;;;;;;;;-0,4;
72,1;13,6;1296;;;;;;;;;;;;52;;;;;;;;;;;;;;;;;;;;;-0,8;
72,2;14,5;1365;;;;;;;;;;;;52,1;;;;;;;;;;;;;;;;;;;;;-0,7;
72,3;14,8;1413;;;;;;;;;;;;52,1;;;;;;;;;;;;;;;;;;;;;-1;
72,4;15,3;1453;;;;;;;;;;;;52,1;;;;;;;;;;;;;;;;;;;;;-1,3;
72,5;15,7;1496;;;;;;;;;;;;52;;;;;;;;;;;;;;;;;;;;;0,2;
72,6;16,4;1537;;;;;;;;;;;;52;;;;;;;;;;;;;;;;;;;;;7;
72,7;17,6;1609;;;;;;;;;;;;50,8;;;;;;;;;;;;;;;;;;;;;84,3;
72,8;20,2;1810;;;;;;;;;;;;50,5;;;;;;;;;;;;;;;;;;;;;106,6;
72,9;21,4;1970;;;;;;;;;;;;51,1;;;;;;;;;;;;;;;;;;;;;49,2;
73;21,7;2057;;;;;;;;;;;;51,4;;;;;;;;;;;;;;;;;;;;;36,9;
73,1;21,5;2095;;;;;;;;;;;;52;;;;;;;;;;;;;;;;;;;;;-0,1;
73,2;21,5;2098;;;;;;;;;;;;52;;;;;;;;;;;;;;;;;;;;;-1,8;
73,3;21,6;2075;;;;;;;;;;;;52;;;;;;;;;;;;;;;;;;;;;-0,2;
73,4;21;2013;;;;;;;;;;;;52;;;;;;;;;;;;;;;;;;;;;-1,6;
73,5;19,1;1910;;;;;;;;;;;;52;;;;;;;;;;;;;;;;;;;;;-1,4;
73,6;17,7;1772;;;;;;;;;;;;52;;;;;;;;;;;;;;;;;;;;;-0,9;
73,7;17,2;1704;;;;;;;;;;;;51,3;;;;;;;;;;;;;;;;;;;;;50;
73,8;20,6;1867;;;;;;;;;;;;49,2;;;;;;;;;;;;;;;;;;;;;188,9;
73,9;20,6;1982;;;;;;;;;;;;49,8;;;;;;;;;;;;;;;;;;;;;138,5;
74;22;2099;;;;;;;;;;;;50,7;;;;;;;;;;;;;;;;;;;;;81,4;
74,1;22,4;2159;;;;;;;;;;;;50,6;;;;;;;;;;;;;;;;;;;;;78,5;
74,2;23,2;2213;;;;;;;;;;;;50,5;;;;;;;;;;;;;;;;;;;;;92,2;
74,3;23,4;2275;;;;;;;;;;;;50,6;;;;;;;;;;;;;;;;;;;;;83,7;
74,4;23,6;2304;;;;;;;;;;;;50,4;;;;;;;;;;;;;;;;;;;;;82,4;
74,5;23,8;2325;;;;;;;;;;;;49,8;;;;;;;;;;;;;;;;;;;;;128,9;
74,6;24,1;2339;;;;;;;;;;;;49,7;;;;;;;;;;;;;;;;;;;;;125;
74,7;24,6;2350;;;;;;;;;;;;50;;;;;;;;;;;;;;;;;;;;;114,9;
74,8;25,1;2400;;;;;;;;;;;;49,1;;;;;;;;;;;;;;;;;;;;;174,8;
74,9;24;2372;;;;;;;;;;;;51,2;;;;;;;;;;;;;;;;;;;;;24,8;
75;22;2222;;;;;;;;;;;;51,7;;;;;;;;;;;;;;;;;;;;;-3,1;
75,1;19,1;1983;;;;;;;;;;;;51,8;;;;;;;;;;;;;;;;;;;;;-1,6;
75,2;16,5;1758;;;;;;;;;;;;51,8;;;;;;;;;;;;;;;;;;;;;-1,1;
75,3;14,1;1523;;;;;;;;;;;;51,8;;;;;;;;;;;;;;;;;;;;;-1,3;
75,4;11,8;1278;;;;;;;;;;;;51,8;;;;;;;;;;;;;;;;;;;;;-0,2;
75,5;8,7;1021;;;;;;;;;;;;51,9;;;;;;;;;;;;;;;;;;;;;-0,1;
75,6;5,6;705;;;;;;;;;;;;51,9;;;;;;;;;;;;;;;;;;;;;0,3;
75,7;3,2;457;;;;;;;;;;;;51,9;;;;;;;;;;;;;;;;;;;;;0,3;
75,8;1,3;248;;;;;;;;;;;;51,9;;;;;;;;;;;;;;;;;;;;;2,3;
75,9;0,5;92;;;;;;;;;;;;51,7;;;;;;;;;;;;;;;;;;;;;17;
76;1,5;101;;;;;;;;;;;;51,4;;;;;;;;;;;;;;;;;;;;;51,2;
76,1;3,2;215;;;;;;;;;;;;51;;;;;;;;;;;;;;;;;;;;;69,8;
76,2;5,6;415;;;;;;;;;;;;50,7;;;;;;;;;;;;;;;;;;;;;83,3;
76,3;7,5;608;;;;;;;;;;;;50,6;;;;;;;;;;;;;;;;;;;;;86,1;
76,4;7,9;721;;;;;;;;;;;;51,1;;;;;;;;;;;;;;;;;;;;;55,5;
76,5;8,1;765;;;;;;;;;;;;50,8;;;;;;;;;;;;;;;;;;;;;78,8;
76,6;9,8;860;;;;;;;;;;;;50;;;;;;;;;;;;;;;;;;;;;126,7;
76,7;11,5;1021;;;;;;;;;;;;50,7;;;;;;;;;;;;;;;;;;;;;74;
76,8;12,2;1110;;;;;;;;;;;;50,6;;;;;;;;;;;;;;;;;;;;;79,1;
76,9;12,2;1168;;;;;;;;;;;;50,6;;;;;;;;;;;;;;;;;;;;;83,8;
77;13,1;1232;;;;;;;;;;;;50,4;;;;;;;;;;;;;;;;;;;;;89,6;
77,1;13,6;1295;;;;;;;;;;;;50,7;;;;;;;;;;;;;;;;;;;;;68,8;
77,2;14,4;1349;;;;;;;;;;;;50,6;;;;;;;;;;;;;;;;;;;;;72;
77,3;14,9;1407;;;;;;;;;;;;50,8;;;;;;;;;;;;;;;;;;;;;57,2;
77,4;15,4;1449;;;;;;;;;;;;50,8;;;;;;;;;;;;;;;;;;;;;58,6;
77,5;15,9;1522;;;;;;;;;;;;51,1;;;;;;;;;;;;;;;;;;;;;49,2;
77,6;17,2;1608;;;;;;;;;;;;50,7;;;;;;;;;;;;;;;;;;;;;76,7;
77,7;18,2;1700;;;;;;;;;;;;50,9;;;;;;;;;;;;;;;;;;;;;45,4;
77,8;17,7;1723;;;;;;;;;;;;51,7;;;;;;;;;;;;;;;;;;;;;-2;
77,9;16,1;1642;;;;;;;;;;;;51,8;;;;;;;;;;;;;;;;;;;;;-0,8;
78;14,9;1492;;;;;;;;;;;;51,8;;;;;;;;;;;;;;;;;;;;;-0,9;
78,1;13,5;1376;;;;;;;;;;;;51,8;;;;;;;;;;;;;;;;;;;;;-0,1;
78,2;13;1307;;;;;;;;;;;;51,8;;;;;;;;;;;;;;;;;;;;;-0,5;
78,3;12,7;1272;;;;;;;;;;;;51,8;;;;;;;;;;;;;;;;;;;;;-0,1;
78,4;12,7;1242;;;;;;;;;;;;51,8;;;;;;;;;;;;;;;;;;;;;-0,1;
78,5;12,7;1238;;;;;;;;;;;;51,9;;;;;;;;;;;;;;;;;;;;;0,2;
78,6;13;1234;;;;;;;;;;;;51,9;;;;;;;;;;;;;;;;;;;;;-0,4;
78,7;12;1211;;;;;;;;;;;;51,9;;;;;;;;;;;;;;;;;;;;;-0,7;
78,8;9,1;1055;;;;;;;;;;;;51,9;;;;;;;;;;;;;;;;;;;;;-0,2;
78,9;8,3;886;;;;;;;;;;;;51,9;;;;;;;;;;;;;;;;;;;;;-0,1;
79;6,7;735;;;;;;;;;;;;51,9;;;;;;;;;;;;;;;;;;;;;0,2;
79,1;7,4;712;;;;;;;;;;;;51,9;;;;;;;;;;;;;;;;;;;;;-0,1;
79,2;7,3;710;;;;;;;;;;;;51,9;;;;;;;;;;;;;;;;;;;;;-0,1;
79,3;7,2;717;;;;;;;;;;;;52;;;;;;;;;;;;;;;;;;;;;0,2;
79,4;6,8;691;;;;;;;;;;;;52;;;;;;;;;;;;;;;;;;;;;-0,1;
79,5;6,4;640;;;;;;;;;;;;52;;;;;;;;;;;;;;;;;;;;;-0,1;
79,6;5,6;570;;;;;;;;;;;;52;;;;;;;;;;;;;;;;;;;;;-0,2;
79,7;5,5;549;;;;;;;;;;;;52;;;;;;;;;;;;;;;;;;;;;0,3;
79,8;5,8;543;;;;;;;;;;;;52;;;;;;;;;;;;;;;;;;;;;0,2;
79,9;7;618;;;;;;;;;;;;52;;;;;;;;;;;;;;;;;;;;;0,2;
80;8,7;740;;;;;;;;;;;;52;;;;;;;;;;;;;;;;;;;;;-0,5;
80,1;10;875;;;;;;;;;;;;52;;;;;;;;;;;;;;;;;;;;;-0,4;
80,2;11;991;;;;;;;;;;;;52;;;;;;;;;;;;;;;;;;;;;-0,7;
80,3;11,3;1073;;;;;;;;;;;;52;;;;;;;;;;;;;;;;;;;;;-0,4;
80,4;11,8;1121;;;;;;;;;;;;52;;;;;;;;;;;;;;;;;;;;;-0,6;
80,5;11,9;1126;;;;;;;;;;;;52;;;;;;;;;;;;;;;;;;;;;-0,6;
80,6;11,6;1124;;;;;;;;;;;;52;;;;;;;;;;;;;;;;;;;;;-0,5;
80,7;11,3;1108;;;;;;;;;;;;52;;;;;;;;;;;;;;;;;;;;;-0,5;
80,8;10,4;1055;;;;;;;;;;;;52;;;;;;;;;;;;;;;;;;;;;-0,1;
80,9;9,6;972;;;;;;;;;;;;52;;;;;;;;;;;;;;;;;;;;;-0,3;
81;8,6;881;;;;;;;;;;;;52;;;;;;;;;;;;;;;;;;;;;-0,3;
81,1;7,8;803;;;;;;;;;;;;52;;;;;;;;;;;;;;;;;;;;;-0,3;
81,2;7,7;756;;;;;;;;;;;;52;;;;;;;;;;;;;;;;;;;;;-0,3;
81,3;8,5;782;;;;;;;;;;;;52;;;;;;;;;;;;;;;;;;;;;-0,3;
81,4;9;840;;;;;;;;;;;;52;;;;;;;;;;;;;;;;;;;;;0,2;
81,5;9,3;886;;;;;;;;;;;;52;;;;;;;;;;;;;;;;;;;;;5,1;
81,6;9,9;924;;;;;;;;;;;;51,9;;;;;;;;;;;;;;;;;;;;;10,9;
81,7;10,5;982;;;;;;;;;;;;51,7;;;;;;;;;;;;;;;;;;;;;16,9;
81,8;11,5;1058;;;;;;;;;;;;51,7;;;;;;;;;;;;;;;;;;;;;20,1;
81,9;12,5;1168;;;;;;;;;;;;51,6;;;;;;;;;;;;;;;;;;;;;24,9;
82;12,6;1211;;;;;;;;;;;;51,4;;;;;;;;;;;;;;;;;;;;;35,4;
82,1;13;1252;;;;;;;;;;;;51,7;;;;;;;;;;;;;;;;;;;;;17,6;
82,2;13,1;1271;;;;;;;;;;;;51,8;;;;;;;;;;;;;;;;;;;;;11,6;
82,3;13,3;1277;;;;;;;;;;;;51,8;;;;;;;;;;;;;;;;;;;;;7,8;
82,4;13,2;1278;;;;;;;;;;;;51,9;;;;;;;;;;;;;;;;;;;;;7,4;
82,5;13,1;1285;;;;;;;;;;;;52;;;;;;;;;;;;;;;;;;;;;2,7;
82,6;13,8;1319;;;;;;;;;;;;51,8;;;;;;;;;;;;;;;;;;;;;10,9;
82,7;14,5;1357;;;;;;;;;;;;52;;;;;;;;;;;;;;;;;;;;;3,1;
82,8;14,7;1389;;;;;;;;;;;;52;;;;;;;;;;;;;;;;;;;;;2,2;
82,9;14,8;1424;;;;;;;;;;;;52;;;;;;;;;;;;;;;;;;;;;0,2;
83;15,3;1476;;;;;;;;;;;;52;;;;;;;;;;;;;;;;;;;;;-0,1;
83,1;16,1;1528;;;;;;;;;;;;52;;;;;;;;;;;;;;;;;;;;;-0,2;
83,2;16,7;1611;;;;;;;;;;;;52;;;;;;;;;;;;;;;;;;;;;-1;
83,3;18,2;1704;;;;;;;;;;;;52;;;;;;;;;;;;;;;;;;;;;-1,5;
83,4;18,3;1747;;;;;;;;;;;;52;;;;;;;;;;;;;;;;;;;;;-1,2;
83,5;17,5;1737;;;;;;;;;;;;52;;;;;;;;;;;;;;;;;;;;;-1,2;
83,6;16,1;1647;;;;;;;;;;;;52;;;;;;;;;;;;;;;;;;;;;-0,6;
83,7;14,3;1471;;;;;;;;;;;;52;;;;;;;;;;;;;;;;;;;;;-0,3;
83,8;11,7;1276;;;;;;;;;;;;52;;;;;;;;;;;;;;;;;;;;;-0,8;
83,9;11,3;1168;;;;;;;;;;;;52;;;;;;;;;;;;;;;;;;;;;-0,6;
84;11,9;1133;;;;;;;;;;;;52;;;;;;;;;;;;;;;;;;;;;-0,6;
84,1;11,6;1170;;;;;;;;;;;;52;;;;;;;;;;;;;;;;;;;;;-0,5;
84,2;14,2;1255;;;;;;;;;;;;52;;;;;;;;;;;;;;;;;;;;;-1;
84,3;13,9;1341;;;;;;;;;;;;52;;;;;;;;;;;;;;;;;;;;;-0,7;
84,4;15;1401;;;;;;;;;;;;52;;;;;;;;;;;;;;;;;;;;;-0,7;
84,5;14,2;1411;;;;;;;;;;;;52;;;;;;;;;;;;;;;;;;;;;-0,7;
84,6;13,7;1354;;;;;;;;;;;;52;;;;;;;;;;;;;;;;;;;;;-0,1;
84,7;14,6;1364;;;;;;;;;;;;52,1;;;;;;;;;;;;;;;;;;;;;-1,3;
84,8;13,6;1376;;;;;;;;;;;;52;;;;;;;;;;;;;;;;;;;;;-0,7;
84,9;14,6;1376;;;;;;;;;;;;52,1;;;;;;;;;;;;;;;;;;;;;-0,5;
85;14,3;1390;;;;;;;;;;;;52,1;;;;;;;;;;;;;;;;;;;;;-0,8;
85,1;14,8;1403;;;;;;;;;;;;52,1;;;;;;;;;;;;;;;;;;;;;-0,8;
85,2;16;1491;;;;;;;;;;;;52,1;;;;;;;;;;;;;;;;;;;;;-0,4;
85,3;13,6;1442;;;;;;;;;;;;52,1;;;;;;;;;;;;;;;;;;;;;-0,3;
85,4;15,1;1418;;;;;;;;;;;;52,1;;;;;;;;;;;;;;;;;;;;;-0,8;
85,5;13,9;1413;;;;;;;;;;;;52,1;;;;;;;;;;;;;;;;;;;;;-0,7;
85,6;12,8;1295;;;;;;;;;;;;52,1;;;;;;;;;;;;;;;;;;;;;-0,7;
85,7;15;1362;;;;;;;;;;;;52,1;;;;;;;;;;;;;;;;;;;;;-0,9;
85,8;13,3;1391;;;;;;;;;;;;52,1;;;;;;;;;;;;;;;;;;;;;-0,5;
85,9;13,5;1339;;;;;;;;;;;;52,1;;;;;;;;;;;;;;;;;;;;;-1;
86;14;1331;;;;;;;;;;;;52,1;;;;;;;;;;;;;;;;;;;;;-0,5;
86,1;14,1;1349;;;;;;;;;;;;52,1;;;;;;;;;;;;;;;;;;;;;-0,6;
86,2;12,4;1305;;;;;;;;;;;;52,1;;;;;;;;;;;;;;;;;;;;;-0,7;
86,3;12,1;1173;;;;;;;;;;;;52,1;;;;;;;;;;;;;;;;;;;;;-0,5;
86,4;11,5;1166;;;;;;;;;;;;52,1;;;;;;;;;;;;;;;;;;;;;-0,1;
86,5;11,3;1132;;;;;;;;;;;;52,1;;;;;;;;;;;;;;;;;;;;;-0,5;
86,6;11,6;1171;;;;;;;;;;;;52,1;;;;;;;;;;;;;;;;;;;;;-0,7;
86,7;15,2;1297;;;;;;;;;;;;52,1;;;;;;;;;;;;;;;;;;;;;-0,8;
86,8;14,9;1453;;;;;;;;;;;;52,1;;;;;;;;;;;;;;;;;;;;;-0,1;
86,9;15,7;1490;;;;;;;;;;;;52,1;;;;;;;;;;;;;;;;;;;;;-0,1;
87;15,7;1523;;;;;;;;;;;;52;;;;;;;;;;;;;;;;;;;;;7,5;
87,1;16;1532;;;;;;;;;;;;51,8;;;;;;;;;;;;;;;;;;;;;19,2;
87,2;15,7;1518;;;;;;;;;;;;52;;;;;;;;;;;;;;;;;;;;;5,6;
87,3;15,3;1488;;;;;;;;;;;;52;;;;;;;;;;;;;;;;;;;;;5,9;
87,4;14,9;1462;;;;;;;;;;;;51,8;;;;;;;;;;;;;;;;;;;;;17,4;
87,5;16;1503;;;;;;;;;;;;51,4;;;;;;;;;;;;;;;;;;;;;36,7;
87,6;14,8;1474;;;;;;;;;;;;51,4;;;;;;;;;;;;;;;;;;;;;44,9;
87,7;15,5;1473;;;;;;;;;;;;51,4;;;;;;;;;;;;;;;;;;;;;41,1;
87,8;16,3;1528;;;;;;;;;;;;51,4;;;;;;;;;;;;;;;;;;;;;47;
87,9;16,7;1573;;;;;;;;;;;;51,3;;;;;;;;;;;;;;;;;;;;;50,3;
88;17,1;1628;;;;;;;;;;;;51,1;;;;;;;;;;;;;;;;;;;;;63;
88,1;17,3;1668;;;;;;;;;;;;51;;;;;;;;;;;;;;;;;;;;;60,9;
88,2;17,8;1718;;;;;;;;;;;;51,2;;;;;;;;;;;;;;;;;;;;;49,8;
88,3;18,4;1752;;;;;;;;;;;;51,1;;;;;;;;;;;;;;;;;;;;;62,9;
88,4;18,5;1776;;;;;;;;;;;;51;;;;;;;;;;;;;;;;;;;;;69,5;
88,5;18,7;1808;;;;;;;;;;;;51;;;;;;;;;;;;;;;;;;;;;56,8;
88,6;19,3;1839;;;;;;;;;;;;50,5;;;;;;;;;;;;;;;;;;;;;92,5;
88,7;19,4;1854;;;;;;;;;;;;50,6;;;;;;;;;;;;;;;;;;;;;89;
88,8;19,1;1874;;;;;;;;;;;;50,5;;;;;;;;;;;;;;;;;;;;;88,6;
88,9;18,7;1853;;;;;;;;;;;;51,1;;;;;;;;;;;;;;;;;;;;;43,7;
89;19;1839;;;;;;;;;;;;50,4;;;;;;;;;;;;;;;;;;;;;101,9;
89,1;19,8;1882;;;;;;;;;;;;50,3;;;;;;;;;;;;;;;;;;;;;101,7;
89,2;19,8;1904;;;;;;;;;;;;50,6;;;;;;;;;;;;;;;;;;;;;80,8;
89,3;20,2;1908;;;;;;;;;;;;50,1;;;;;;;;;;;;;;;;;;;;;107;
89,4;19,9;1915;;;;;;;;;;;;50,5;;;;;;;;;;;;;;;;;;;;;81,2;
89,5;20,6;1951;;;;;;;;;;;;50,5;;;;;;;;;;;;;;;;;;;;;89,5;
89,6;20,1;1970;;;;;;;;;;;;51,4;;;;;;;;;;;;;;;;;;;;;20,8;
89,7;19,7;1933;;;;;;;;;;;;50,6;;;;;;;;;;;;;;;;;;;;;80,6;
89,8;19,8;1933;;;;;;;;;;;;50,8;;;;;;;;;;;;;;;;;;;;;76,5;
89,9;19,6;1912;;;;;;;;;;;;50,8;;;;;;;;;;;;;;;;;;;;;64,8;
90;19,6;1901;;;;;;;;;;;;50,8;;;;;;;;;;;;;;;;;;;;;61,7;
90,1;19,3;1873;;;;;;;;;;;;50,7;;;;;;;;;;;;;;;;;;;;;77,1;
90,2;19,6;1870;;;;;;;;;;;;50,7;;;;;;;;;;;;;;;;;;;;;75,5;
90,3;17,5;1789;;;;;;;;;;;;50,9;;;;;;;;;;;;;;;;;;;;;62,2;
90,4;17,6;1758;;;;;;;;;;;;50,8;;;;;;;;;;;;;;;;;;;;;62,6;
90,5;18,3;1721;;;;;;;;;;;;50,4;;;;;;;;;;;;;;;;;;;;;95,5;
90,6;16,9;1659;;;;;;;;;;;;50,5;;;;;;;;;;;;;;;;;;;;;80,2;
90,7;16;1605;;;;;;;;;;;;50,6;;;;;;;;;;;;;;;;;;;;;82;
90,8;16,3;1585;;;;;;;;;;;;50,5;;;;;;;;;;;;;;;;;;;;;86,4;
90,9;16,2;1549;;;;;;;;;;;;50,2;;;;;;;;;;;;;;;;;;;;;104,3;
91;16,4;1567;;;;;;;;;;;;50,1;;;;;;;;;;;;;;;;;;;;;118,4;
91,1;17;1595;;;;;;;;;;;;49;;;;;;;;;;;;;;;;;;;;;183,3;
91,2;17,1;1628;;;;;;;;;;;;50,3;;;;;;;;;;;;;;;;;;;;;94,1;
91,3;16,3;1617;;;;;;;;;;;;50,5;;;;;;;;;;;;;;;;;;;;;84,1;
91,4;16,6;1586;;;;;;;;;;;;49,8;;;;;;;;;;;;;;;;;;;;;120,9;
91,5;17,3;1646;;;;;;;;;;;;49,2;;;;;;;;;;;;;;;;;;;;;174,7;
91,6;18;1708;;;;;;;;;;;;49,3;;;;;;;;;;;;;;;;;;;;;152,6;
91,7;20;1792;;;;;;;;;;;;48,9;;;;;;;;;;;;;;;;;;;;;186,1;
91,8;18,1;1798;;;;;;;;;;;;48,8;;;;;;;;;;;;;;;;;;;;;190,5;
91,9;19,6;1841;;;;;;;;;;;;48,4;;;;;;;;;;;;;;;;;;;;;212,3;
92;19,7;1867;;;;;;;;;;;;48,9;;;;;;;;;;;;;;;;;;;;;162,3;
92,1;19,2;1871;;;;;;;;;;;;48,3;;;;;;;;;;;;;;;;;;;;;226,1;
92,2;19,2;1884;;;;;;;;;;;;48,3;;;;;;;;;;;;;;;;;;;;;206,8;
92,3;19,9;1877;;;;;;;;;;;;48,2;;;;;;;;;;;;;;;;;;;;;223,5;
92,4;19,2;1872;;;;;;;;;;;;48,3;;;;;;;;;;;;;;;;;;;;;191,6;
92,5;19,6;1889;;;;;;;;;;;;48,3;;;;;;;;;;;;;;;;;;;;;214,3;
92,6;19,6;1912;;;;;;;;;;;;48,2;;;;;;;;;;;;;;;;;;;;;212,8;
92,7;19,8;1901;;;;;;;;;;;;48,6;;;;;;;;;;;;;;;;;;;;;176,2;
92,8;19,2;1891;;;;;;;;;;;;48,6;;;;;;;;;;;;;;;;;;;;;190,4;
92,9;19,7;1892;;;;;;;;;;;;48;;;;;;;;;;;;;;;;;;;;;215,4;
93;19,9;1954;;;;;;;;;;;;48,2;;;;;;;;;;;;;;;;;;;;;227,8;
93,1;21,1;1909;;;;;;;;;;;;48,5;;;;;;;;;;;;;;;;;;;;;197,7;
93,2;19,5;1856;;;;;;;;;;;;48,6;;;;;;;;;;;;;;;;;;;;;172,4;
93,3;19,4;1856;;;;;;;;;;;;48,6;;;;;;;;;;;;;;;;;;;;;179,8;
93,4;18,5;1826;;;;;;;;;;;;48,8;;;;;;;;;;;;;;;;;;;;;166,1;
93,5;18,2;1785;;;;;;;;;;;;48,8;;;;;;;;;;;;;;;;;;;;;173;
93,6;16,8;1700;;;;;;;;;;;;49,8;;;;;;;;;;;;;;;;;;;;;98,4;
93,7;14,2;1514;;;;;;;;;;;;51,1;;;;;;;;;;;;;;;;;;;;;6,1;
93,8;11,7;1299;;;;;;;;;;;;51,4;;;;;;;;;;;;;;;;;;;;;-0,5;
93,9;8,9;1006;;;;;;;;;;;;51,4;;;;;;;;;;;;;;;;;;;;;2;
94;6,6;783;;;;;;;;;;;;51,2;;;;;;;;;;;;;;;;;;;;;13,5;
94,1;5,9;621;;;;;;;;;;;;51,1;;;;;;;;;;;;;;;;;;;;;24,7;
94,2;5,3;556;;;;;;;;;;;;51,1;;;;;;;;;;;;;;;;;;;;;23,5;
94,3;6,1;548;;;;;;;;;;;;51,1;;;;;;;;;;;;;;;;;;;;;30,2;
94,4;6,8;614;;;;;;;;;;;;51,2;;;;;;;;;;;;;;;;;;;;;22,2;
94,5;7,9;699;;;;;;;;;;;;51,4;;;;;;;;;;;;;;;;;;;;;13,3;
94,6;8,9;801;;;;;;;;;;;;51,4;;;;;;;;;;;;;;;;;;;;;4,1;
94,7;10;895;;;;;;;;;;;;51,5;;;;;;;;;;;;;;;;;;;;;-0,5;
94,8;11,6;1031;;;;;;;;;;;;51,6;;;;;;;;;;;;;;;;;;;;;-0,1;
94,9;14;1201;;;;;;;;;;;;51,6;;;;;;;;;;;;;;;;;;;;;-0,9;
95;14,4;1347;;;;;;;;;;;;51,6;;;;;;;;;;;;;;;;;;;;;-0,8;
95,1;15,8;1439;;;;;;;;;;;;51,6;;;;;;;;;;;;;;;;;;;;;-0,8;
95,2;16,8;1536;;;;;;;;;;;;51,7;;;;;;;;;;;;;;;;;;;;;-0,4;
95,3;17,2;1598;;;;;;;;;;;;51,7;;;;;;;;;;;;;;;;;;;;;-1,1;
95,4;17,1;1652;;;;;;;;;;;;51,7;;;;;;;;;;;;;;;;;;;;;-1,5;
95,5;17,6;1675;;;;;;;;;;;;51,7;;;;;;;;;;;;;;;;;;;;;-0,7;
95,6;17,4;1689;;;;;;;;;;;;51,7;;;;;;;;;;;;;;;;;;;;;-0,5;
95,7;18;1693;;;;;;;;;;;;51,7;;;;;;;;;;;;;;;;;;;;;-1,9;
95,8;16,9;1673;;;;;;;;;;;;51,7;;;;;;;;;;;;;;;;;;;;;-1;
95,9;17,5;1683;;;;;;;;;;;;51,7;;;;;;;;;;;;;;;;;;;;;-1,9;
96;18,4;1710;;;;;;;;;;;;51,7;;;;;;;;;;;;;;;;;;;;;-0,4;
96,1;18,1;1751;;;;;;;;;;;;51,7;;;;;;;;;;;;;;;;;;;;;-1,6;
96,2;18,7;1807;;;;;;;;;;;;51,7;;;;;;;;;;;;;;;;;;;;;-1,5;
96,3;19,4;1857;;;;;;;;;;;;51,7;;;;;;;;;;;;;;;;;;;;;-1,2;
96,4;19,8;1878;;;;;;;;;;;;51,7;;;;;;;;;;;;;;;;;;;;;-1,3;
96,5;19,8;1906;;;;;;;;;;;;51,7;;;;;;;;;;;;;;;;;;;;;-1;
96,6;20,2;1961;;;;;;;;;;;;51,7;;;;;;;;;;;;;;;;;;;;;-1,8;
96,7;20,7;1964;;;;;;;;;;;;51,7;;;;;;;;;;;;;;;;;;;;;-1,7;
96,8;20,4;2006;;;;;;;;;;;;51,7;;;;;;;;;;;;;;;;;;;;;-1,8;
96,9;20,8;2017;;;;;;;;;;;;51,7;;;;;;;;;;;;;;;;;;;;;-0,7;
97;20,8;2038;;;;;;;;;;;;51,8;;;;;;;;;;;;;;;;;;;;;-0,5;
97,1;21,2;2048;;;;;;;;;;;;51,8;;;;;;;;;;;;;;;;;;;;;-1,5;
97,2;21,1;2060;;;;;;;;;;;;51,8;;;;;;;;;;;;;;;;;;;;;-1,6;
97,3;22,1;2063;;;;;;;;;;;;51,8;;;;;;;;;;;;;;;;;;;;;-0,6;
97,4;22,3;2099;;;;;;;;;;;;51,8;;;;;;;;;;;;;;;;;;;;;-1,3;
97,5;23,1;2166;;;;;;;;;;;;51,8;;;;;;;;;;;;;;;;;;;;;-1,4;
97,6;23;2218;;;;;;;;;;;;51,8;;;;;;;;;;;;;;;;;;;;;-1,7;
97,7;24,1;2253;;;;;;;;;;;;51,8;;;;;;;;;;;;;;;;;;;;;-1,2;
97,8;23,5;2256;;;;;;;;;;;;51,8;;;;;;;;;;;;;;;;;;;;;-1,3;
97,9;24,5;2305;;;;;;;;;;;;51,8;;;;;;;;;;;;;;;;;;;;;-1,5;
98;24,9;2349;;;;;;;;;;;;51,8;;;;;;;;;;;;;;;;;;;;;-1,8;
98,1;24,2;2350;;;;;;;;;;;;51,8;;;;;;;;;;;;;;;;;;;;;-1,3;
98,2;23,8;2309;;;;;;;;;;;;51,8;;;;;;;;;;;;;;;;;;;;;-1,5;
98,3;22,9;2265;;;;;;;;;;;;51,9;;;;;;;;;;;;;;;;;;;;;-0,7;
98,4;22,1;2188;;;;;;;;;;;;51,9;;;;;;;;;;;;;;;;;;;;;-1,5;
98,5;20;2069;;;;;;;;;;;;51,9;;;;;;;;;;;;;;;;;;;;;-0,7;
98,6;18,5;1910;;;;;;;;;;;;51,8;;;;;;;;;;;;;;;;;;;;;-1,3;
98,7;15,4;1664;;;;;;;;;;;;51,9;;;;;;;;;;;;;;;;;;;;;-1,4;
98,8;14,5;1457;;;;;;;;;;;;51,9;;;;;;;;;;;;;;;;;;;;;-0,7;
98,9;14,1;1376;;;;;;;;;;;;51,9;;;;;;;;;;;;;;;;;;;;;-0,1;
99;12,8;1254;;;;;;;;;;;;51,8;;;;;;;;;;;;;;;;;;;;;0,4;
99,1;14;1312;;;;;;;;;;;;51,7;;;;;;;;;;;;;;;;;;;;;10,8;
99,2;13,7;1323;;;;;;;;;;;;51,6;;;;;;;;;;;;;;;;;;;;;17;
99,3;14,3;1350;;;;;;;;;;;;51,3;;;;;;;;;;;;;;;;;;;;;41,4;
99,4;15;1408;;;;;;;;;;;;51,3;;;;;;;;;;;;;;;;;;;;;37;
99,5;15,5;1476;;;;;;;;;;;;51,3;;;;;;;;;;;;;;;;;;;;;41,4;
99,6;16,7;1547;;;;;;;;;;;;51,1;;;;;;;;;;;;;;;;;;;;;45,6;
99,7;17,4;1623;;;;;;;;;;;;51,5;;;;;;;;;;;;;;;;;;;;;21,2;
99,8;17;1636;;;;;;;;;;;;51,4;;;;;;;;;;;;;;;;;;;;;33,4;
99,9;17,8;1689;;;;;;;;;;;;51,1;;;;;;;;;;;;;;;;;;;;;47,3;
100;18,1;1729;;;;;;;;;;;;51,2;;;;;;;;;;;;;;;;;;;;;40,6;
100,1;18,8;1786;;;;;;;;;;;;51,2;;;;;;;;;;;;;;;;;;;;;32,5;
100,2;19,3;1817;;;;;;;;;;;;51,2;;;;;;;;;;;;;;;;;;;;;36,4;
100,3;19,1;1839;;;;;;;;;;;;51,1;;;;;;;;;;;;;;;;;;;;;42,3;
100,4;19,6;1881;;;;;;;;;;;;51,1;;;;;;;;;;;;;;;;;;;;;40,1;
100,5;19,7;1899;;;;;;;;;;;;51,1;;;;;;;;;;;;;;;;;;;;;42,3;
100,6;19,9;1917;;;;;;;;;;;;51,1;;;;;;;;;;;;;;;;;;;;;46,7;
100,7;20,1;1946;;;;;;;;;;;;50,9;;;;;;;;;;;;;;;;;;;;;57,7;
100,8;21,2;1998;;;;;;;;;;;;50,9;;;;;;;;;;;;;;;;;;;;;61,3;
100,9;21;2020;;;;;;;;;;;;51,2;;;;;;;;;;;;;;;;;;;;;31,1;
101;20,9;2020;;;;;;;;;;;;51,2;;;;;;;;;;;;;;;;;;;;;40,4;
101,1;20,3;1993;;;;;;;;;;;;51,5;;;;;;;;;;;;;;;;;;;;;14,1;
101,2;19,8;1944;;;;;;;;;;;;51,4;;;;;;;;;;;;;;;;;;;;;22,8;
101,3;19,2;1906;;;;;;;;;;;;51,4;;;;;;;;;;;;;;;;;;;;;21,3;
101,4;18,9;1864;;;;;;;;;;;;51,4;;;;;;;;;;;;;;;;;;;;;32;
101,5;18,8;1842;;;;;;;;;;;;51,3;;;;;;;;;;;;;;;;;;;;;32,2;
101,6;19,4;1840;;;;;;;;;;;;50,6;;;;;;;;;;;;;;;;;;;;;79,4;
101,7;18,2;1797;;;;;;;;;;;;51,5;;;;;;;;;;;;;;;;;;;;;16,4;
101,8;18,6;1792;;;;;;;;;;;;50,8;;;;;;;;;;;;;;;;;;;;;66,1;
101,9;18,8;1795;;;;;;;;;;;;51,4;;;;;;;;;;;;;;;;;;;;;26,7;
102;17,7;1740;;;;;;;;;;;;51,2;;;;;;;;;;;;;;;;;;;;;38,9;
102,1;17,4;1704;;;;;;;;;;;;51,2;;;;;;;;;;;;;;;;;;;;;40,4;
102,2;17,2;1684;;;;;;;;;;;;51,2;;;;;;;;;;;;;;;;;;;;;37,1;
102,3;16,7;1637;;;;;;;;;;;;51,4;;;;;;;;;;;;;;;;;;;;;25,8;
102,4;15,5;1572;;;;;;;;;;;;51,6;;;;;;;;;;;;;;;;;;;;;12,7;
102,5;15,5;1502;;;;;;;;;;;;51,1;;;;;;;;;;;;;;;;;;;;;45,9;
102,6;15,1;1479;;;;;;;;;;;;51,1;;;;;;;;;;;;;;;;;;;;;47,7;
102,7;15,4;1476;;;;;;;;;;;;51,1;;;;;;;;;;;;;;;;;;;;;53,7;
102,8;16;1518;;;;;;;;;;;;50,5;;;;;;;;;;;;;;;;;;;;;84,2;
102,9;17,7;1638;;;;;;;;;;;;48,9;;;;;;;;;;;;;;;;;;;;;198,6;
103;20,3;1851;;;;;;;;;;;;49,6;;;;;;;;;;;;;;;;;;;;;127,9;
103,1;22,9;2078;;;;;;;;;;;;48,5;;;;;;;;;;;;;;;;;;;;;211;
103,2;24,7;2289;;;;;;;;;;;;47,9;;;;;;;;;;;;;;;;;;;;;272,1;
103,3;25;2403;;;;;;;;;;;;51,3;;;;;;;;;;;;;;;;;;;;;-1,6;
103,4;23,7;2375;;;;;;;;;;;;51,5;;;;;;;;;;;;;;;;;;;;;-1,7;
103,5;21,3;2187;;;;;;;;;;;;51,6;;;;;;;;;;;;;;;;;;;;;-0,7;
103,6;18,6;1937;;;;;;;;;;;;51,7;;;;;;;;;;;;;;;;;;;;;-1,1;
103,7;17,1;1736;;;;;;;;;;;;51,7;;;;;;;;;;;;;;;;;;;;;-1,7;
103,8;14,2;1511;;;;;;;;;;;;51,7;;;;;;;;;;;;;;;;;;;;;-0,4;
103,9;12,9;1343;;;;;;;;;;;;51,7;;;;;;;;;;;;;;;;;;;;;-0,1;
104;10,7;1142;;;;;;;;;;;;51,7;;;;;;;;;;;;;;;;;;;;;-0,6;
104,1;10,6;1067;;;;;;;;;;;;51,7;;;;;;;;;;;;;;;;;;;;;-0,5;
104,2;9,5;983;;;;;;;;;;;;51,7;;;;;;;;;;;;;;;;;;;;;5,7;
104,3;9,1;911;;;;;;;;;;;;51,4;;;;;;;;;;;;;;;;;;;;;26,9;
104,4;9,3;897;;;;;;;;;;;;51,3;;;;;;;;;;;;;;;;;;;;;29,3;
104,5;9,7;915;;;;;;;;;;;;51,3;;;;;;;;;;;;;;;;;;;;;28,2;
104,6;10,2;951;;;;;;;;;;;;51;;;;;;;;;;;;;;;;;;;;;53,3;
104,7;11,2;1026;;;;;;;;;;;;51,1;;;;;;;;;;;;;;;;;;;;;38,8;
104,8;11,6;1090;;;;;;;;;;;;51,1;;;;;;;;;;;;;;;;;;;;;36,9;
104,9;12,7;1159;;;;;;;;;;;;50,9;;;;;;;;;;;;;;;;;;;;;54,2;
105;13,5;1252;;;;;;;;;;;;51,1;;;;;;;;;;;;;;;;;;;;;41;
105,1;13,7;1312;;;;;;;;;;;;51,4;;;;;;;;;;;;;;;;;;;;;17,9;
105,2;13,8;1353;;;;;;;;;;;;51,4;;;;;;;;;;;;;;;;;;;;;25,1;
105,3;14,7;1393;;;;;;;;;;;;51,4;;;;;;;;;;;;;;;;;;;;;26,4;
105,4;15;1431;;;;;;;;;;;;51,5;;;;;;;;;;;;;;;;;;;;;12,5;
105,5;15,5;1478;;;;;;;;;;;;51,6;;;;;;;;;;;;;;;;;;;;;10;
105,6;15,7;1500;;;;;;;;;;;;51,6;;;;;;;;;;;;;;;;;;;;;11,3;
105,7;15,7;1511;;;;;;;;;;;;51,7;;;;;;;;;;;;;;;;;;;;;2;
105,8;15,4;1543;;;;;;;;;;;;51,7;;;;;;;;;;;;;;;;;;;;;0,3;
105,9;16,3;1581;;;;;;;;;;;;51,8;;;;;;;;;;;;;;;;;;;;;-0,7;
106;17,1;1621;;;;;;;;;;;;51,8;;;;;;;;;;;;;;;;;;;;;-0,5;
106,1;17,3;1664;;;;;;;;;;;;51,8;;;;;;;;;;;;;;;;;;;;;-0,4;
106,2;17,4;1676;;;;;;;;;;;;51,8;;;;;;;;;;;;;;;;;;;;;-1,3;
106,3;17;1668;;;;;;;;;;;;51,8;;;;;;;;;;;;;;;;;;;;;-0,8;
106,4;17,4;1673;;;;;;;;;;;;51,8;;;;;;;;;;;;;;;;;;;;;-0,9;
106,5;17,5;1678;;;;;;;;;;;;51,8;;;;;;;;;;;;;;;;;;;;;-1,2;
106,6;20;1801;;;;;;;;;;;;49,8;;;;;;;;;;;;;;;;;;;;;153,3;
106,7;23,9;2111;;;;;;;;;;;;47,7;;;;;;;;;;;;;;;;;;;;;271,3;
106,8;28,3;2490;;;;;;;;;;;;49,2;;;;;;;;;;;;;;;;;;;;;161,4;
106,9;30,5;2749;;;;;;;;;;;;51,7;;;;;;;;;;;;;;;;;;;;;-3,5;
107;31,5;2933;;;;;;;;;;;;51,7;;;;;;;;;;;;;;;;;;;;;-1,2;
107,1;31,2;3035;;;;;;;;;;;;51,7;;;;;;;;;;;;;;;;;;;;;-2,7;
107,2;31,7;3052;;;;;;;;;;;;51,7;;;;;;;;;;;;;;;;;;;;;-1,9;
107,3;33,1;3094;;;;;;;;;;;;51,8;;;;;;;;;;;;;;;;;;;;;-2,5;
107,4;33,2;3183;;;;;;;;;;;;51,8;;;;;;;;;;;;;;;;;;;;;-3,5;
107,5;32,2;3149;;;;;;;;;;;;51,8;;;;;;;;;;;;;;;;;;;;;-2,5;
107,6;31,5;3090;;;;;;;;;;;;51,8;;;;;;;;;;;;;;;;;;;;;-3;
107,7;30,8;3015;;;;;;;;;;;;51,8;;;;;;;;;;;;;;;;;;;;;-2,9;
107,8;29,2;2890;;;;;;;;;;;;51,8;;;;;;;;;;;;;;;;;;;;;-1,4;
107,9;26;2672;;;;;;;;;;;;51,8;;;;;;;;;;;;;;;;;;;;;-2,3;
108;24,3;2469;;;;;;;;;;;;51,8;;;;;;;;;;;;;;;;;;;;;-1,7;
108,1;22,7;2300;;;;;;;;;;;;51,9;;;;;;;;;;;;;;;;;;;;;-2,1;
108,2;22,2;2205;;;;;;;;;;;;51,9;;;;;;;;;;;;;;;;;;;;;-1,1;
108,3;20,8;2081;;;;;;;;;;;;51,8;;;;;;;;;;;;;;;;;;;;;-0,9;
108,4;20,3;1986;;;;;;;;;;;;51,9;;;;;;;;;;;;;;;;;;;;;-1,3;
108,5;19,9;1936;;;;;;;;;;;;51,9;;;;;;;;;;;;;;;;;;;;;-0,3;
108,6;18,9;1872;;;;;;;;;;;;51,9;;;;;;;;;;;;;;;;;;;;;-0,3;
108,7;19;1822;;;;;;;;;;;;51,5;;;;;;;;;;;;;;;;;;;;;22;
108,8;18,3;1775;;;;;;;;;;;;51,5;;;;;;;;;;;;;;;;;;;;;25,1;
108,9;18,2;1768;;;;;;;;;;;;51,7;;;;;;;;;;;;;;;;;;;;;10;
109;17,9;1747;;;;;;;;;;;;51,7;;;;;;;;;;;;;;;;;;;;;7,3;
109,1;17,8;1720;;;;;;;;;;;;51,7;;;;;;;;;;;;;;;;;;;;;10,9;
109,2;16,9;1681;;;;;;;;;;;;51,7;;;;;;;;;;;;;;;;;;;;;10,6;
109,3;16,7;1652;;;;;;;;;;;;51,7;;;;;;;;;;;;;;;;;;;;;10,5;
109,4;16,1;1594;;;;;;;;;;;;51,7;;;;;;;;;;;;;;;;;;;;;5,4;
109,5;15,7;1541;;;;;;;;;;;;51,6;;;;;;;;;;;;;;;;;;;;;18,3;
109,6;15,2;1515;;;;;;;;;;;;51,7;;;;;;;;;;;;;;;;;;;;;5,6;
109,7;15,2;1485;;;;;;;;;;;;51,8;;;;;;;;;;;;;;;;;;;;;1,9;
109,8;14,9;1456;;;;;;;;;;;;51,9;;;;;;;;;;;;;;;;;;;;;0,9;
109,9;14,6;1429;;;;;;;;;;;;51,9;;;;;;;;;;;;;;;;;;;;;-0,4;
110;13,7;1392;;;;;;;;;;;;51,9;;;;;;;;;;;;;;;;;;;;;-0,1;
110,1;13,9;1380;;;;;;;;;;;;51,9;;;;;;;;;;;;;;;;;;;;;-0,5;
110,2;14,3;1394;;;;;;;;;;;;51,9;;;;;;;;;;;;;;;;;;;;;-0,9;
110,3;14,7;1417;;;;;;;;;;;;51,9;;;;;;;;;;;;;;;;;;;;;-1;
110,4;14,6;1401;;;;;;;;;;;;51,9;;;;;;;;;;;;;;;;;;;;;-0,4;
110,5;13;1321;;;;;;;;;;;;51,9;;;;;;;;;;;;;;;;;;;;;-1,2;
110,6;12,4;1239;;;;;;;;;;;;52;;;;;;;;;;;;;;;;;;;;;-0,2;
110,7;12;1205;;;;;;;;;;;;51,9;;;;;;;;;;;;;;;;;;;;;-0,6;
110,8;11,4;1169;;;;;;;;;;;;52;;;;;;;;;;;;;;;;;;;;;-0,8;
110,9;11,1;1105;;;;;;;;;;;;52;;;;;;;;;;;;;;;;;;;;;-0,6;
111;10,7;1052;;;;;;;;;;;;52;;;;;;;;;;;;;;;;;;;;;-0,5;
111,1;10,8;1036;;;;;;;;;;;;52;;;;;;;;;;;;;;;;;;;;;-0,7;
111,2;9,8;996;;;;;;;;;;;;52;;;;;;;;;;;;;;;;;;;;;0,2;
111,3;8,8;898;;;;;;;;;;;;52;;;;;;;;;;;;;;;;;;;;;-0,2;
111,4;7,2;792;;;;;;;;;;;;52;;;;;;;;;;;;;;;;;;;;;-0,1;
111,5;6,4;718;;;;;;;;;;;;52;;;;;;;;;;;;;;;;;;;;;-0,1;
111,6;4,5;541;;;;;;;;;;;;52;;;;;;;;;;;;;;;;;;;;;0,3;
111,7;2,1;357;;;;;;;;;;;;52;;;;;;;;;;;;;;;;;;;;;0,2;
111,8;0,8;130;;;;;;;;;;;;52;;;;;;;;;;;;;;;;;;;;;0,2;
111,9;0,3;64;;;;;;;;;;;;52;;;;;;;;;;;;;;;;;;;;;-0,1;
112;0;23;;;;;;;;;;;;52;;;;;;;;;;;;;;;;;;;;;-0,1;
112,1;0;5;;;;;;;;;;;;52;;;;;;;;;;;;;;;;;;;;;0,2;
112,2;-0,7;-28;;;;;;;;;;;;52;;;;;;;;;;;;;;;;;;;;;0,5;
112,3;-0,2;-42;;;;;;;;;;;;52;;;;;;;;;;;;;;;;;;;;;0,2;
112,4;0;-10;;;;;;;;;;;;52;;;;;;;;;;;;;;;;;;;;;-0,1;
112,5;-1,8;-84;;;;;;;;;;;;52;;;;;;;;;;;;;;;;;;;;;2,1;
112,6;-1,5;-119;;;;;;;;;;;;52;;;;;;;;;;;;;;;;;;;;;3,4;
112,7;-0,2;-48;;;;;;;;;;;;51,9;;;;;;;;;;;;;;;;;;;;;9,2;
112,8;0;-18;;;;;;;;;;;;51,9;;;;;;;;;;;;;;;;;;;;;9,7;
112,9;0;-16;;;;;;;;;;;;51,9;;;;;;;;;;;;;;;;;;;;;7,3;
113;1;10;;;;;;;;;;;;51,5;;;;;;;;;;;;;;;;;;;;;45,1;
113,1;14,9;1054;;;;;;;;;;;;50,6;;;;;;;;;;;;;;;;;;;;;82,4;
113,2;5,5;638;;;;;;;;;;;;50,8;;;;;;;;;;;;;;;;;;;;;77,5;
113,3;4,7;527;;;;;;;;;;;;50,9;;;;;;;;;;;;;;;;;;;;;68,1;
113,4;5,7;510;;;;;;;;;;;;50,3;;;;;;;;;;;;;;;;;;;;;109,3;
113,5;7,4;623;;;;;;;;;;;;49,9;;;;;;;;;;;;;;;;;;;;;133,2;
113,6;8,8;755;;;;;;;;;;;;49,8;;;;;;;;;;;;;;;;;;;;;144,6;
113,7;10,4;910;;;;;;;;;;;;49,5;;;;;;;;;;;;;;;;;;;;;148,6;
113,8;11,3;1037;;;;;;;;;;;;49,8;;;;;;;;;;;;;;;;;;;;;116,6;
113,9;11,8;1117;;;;;;;;;;;;50,5;;;;;;;;;;;;;;;;;;;;;76,3;
114;11,6;1123;;;;;;;;;;;;50,8;;;;;;;;;;;;;;;;;;;;;67,3;
114,1;10,2;1068;;;;;;;;;;;;51,1;;;;;;;;;;;;;;;;;;;;;48,9;
114,2;8,5;929;;;;;;;;;;;;51,4;;;;;;;;;;;;;;;;;;;;;20,6;
114,3;6,4;731;;;;;;;;;;;;51,4;;;;;;;;;;;;;;;;;;;;;18;
114,4;4,9;561;;;;;;;;;;;;51,4;;;;;;;;;;;;;;;;;;;;;27;
114,5;3,5;430;;;;;;;;;;;;51,7;;;;;;;;;;;;;;;;;;;;;8,1;
114,6;0,7;227;;;;;;;;;;;;51,7;;;;;;;;;;;;;;;;;;;;;-0,1;
114,7;0,9;107;;;;;;;;;;;;51,8;;;;;;;;;;;;;;;;;;;;;-0,1;
114,8;1,8;144;;;;;;;;;;;;51,8;;;;;;;;;;;;;;;;;;;;;0,2;
114,9;1,5;155;;;;;;;;;;;;51,8;;;;;;;;;;;;;;;;;;;;;-0,1;
115;1,6;156;;;;;;;;;;;;51,8;;;;;;;;;;;;;;;;;;;;;0,2;
115,1;2,1;178;;;;;;;;;;;;51,8;;;;;;;;;;;;;;;;;;;;;0,2;
115,2;2,1;201;;;;;;;;;;;;51,8;;;;;;;;;;;;;;;;;;;;;0,3;
115,3;2,5;226;;;;;;;;;;;;51,8;;;;;;;;;;;;;;;;;;;;;0,3;
115,4;2,3;230;;;;;;;;;;;;51,8;;;;;;;;;;;;;;;;;;;;;0,3;
115,5;2;218;;;;;;;;;;;;51,9;;;;;;;;;;;;;;;;;;;;;-0,1;
115,6;1,7;184;;;;;;;;;;;;51,9;;;;;;;;;;;;;;;;;;;;;-0,1;
115,7;1,8;176;;;;;;;;;;;;51,9;;;;;;;;;;;;;;;;;;;;;-0,1;
115,8;1,6;165;;;;;;;;;;;;51,9;;;;;;;;;;;;;;;;;;;;;0,2;
115,9;1,9;172;;;;;;;;;;;;51,9;;;;;;;;;;;;;;;;;;;;;0,2;
116;1,4;174;;;;;;;;;;;;51,9;;;;;;;;;;;;;;;;;;;;;0,2;
116,1;1,8;155;;;;;;;;;;;;51,9;;;;;;;;;;;;;;;;;;;;;0,2;
116,2;2,5;219;;;;;;;;;;;;51,9;;;;;;;;;;;;;;;;;;;;;0,2;
116,3;2,5;241;;;;;;;;;;;;51,9;;;;;;;;;;;;;;;;;;;;;0,3;
116,4;1,9;213;;;;;;;;;;;;51,9;;;;;;;;;;;;;;;;;;;;;-0,1;
116,5;2,1;204;;;;;;;;;;;;51,9;;;;;;;;;;;;;;;;;;;;;0,5;
116,6;1,5;170;;;;;;;;;;;;51,9;;;;;;;;;;;;;;;;;;;;;-0,1;
116,7;1,3;135;;;;;;;;;;;;51,9;;;;;;;;;;;;;;;;;;;;;-0,1;
116,8;1,8;159;;;;;;;;;;;;51,9;;;;;;;;;;;;;;;;;;;;;0,2;
116,9;2,5;205;;;;;;;;;;;;52;;;;;;;;;;;;;;;;;;;;;0,2;
117;1,8;211;;;;;;;;;;;;52;;;;;;;;;;;;;;;;;;;;;-0,1;
117,1;1,7;177;;;;;;;;;;;;52;;;;;;;;;;;;;;;;;;;;;-0,1;
117,2;1,3;159;;;;;;;;;;;;52;;;;;;;;;;;;;;;;;;;;;0,2;
117,3;1,5;140;;;;;;;;;;;;52;;;;;;;;;;;;;;;;;;;;;0,2;
117,4;2,4;182;;;;;;;;;;;;52;;;;;;;;;;;;;;;;;;;;;0,3;
117,5;2,9;242;;;;;;;;;;;;52;;;;;;;;;;;;;;;;;;;;;0,4;
117,6;3,2;301;;;;;;;;;;;;52;;;;;;;;;;;;;;;;;;;;;0,4;
117,7;3,3;328;;;;;;;;;;;;52;;;;;;;;;;;;;;;;;;;;;0,3;
117,8;2,9;302;;;;;;;;;;;;52;;;;;;;;;;;;;;;;;;;;;0,4;
117,9;2,6;272;;;;;;;;;;;;52;;;;;;;;;;;;;;;;;;;;;0,3;
118;2,5;257;;;;;;;;;;;;52;;;;;;;;;;;;;;;;;;;;;0,2;
118,1;2,5;251;;;;;;;;;;;;52;;;;;;;;;;;;;;;;;;;;;0,3;
118,2;2,3;231;;;;;;;;;;;;52;;;;;;;;;;;;;;;;;;;;;-0,1;
118,3;2,4;235;;;;;;;;;;;;52;;;;;;;;;;;;;;;;;;;;;0,3;
118,4;2,5;232;;;;;;;;;;;;52;;;;;;;;;;;;;;;;;;;;;0,2;
118,5;2,6;249;;;;;;;;;;;;52;;;;;;;;;;;;;;;;;;;;;0,2;
118,6;2,5;247;;;;;;;;;;;;52;;;;;;;;;;;;;;;;;;;;;0,2;
118,7;1,2;186;;;;;;;;;;;;52;;;;;;;;;;;;;;;;;;;;;0,2;
118,8;0,6;108;;;;;;;;;;;;52;;;;;;;;;;;;;;;;;;;;;-0,1;
118,9;0;21;;;;;;;;;;;;52;;;;;;;;;;;;;;;;;;;;;-0,1;
119;0,8;47;;;;;;;;;;;;52;;;;;;;;;;;;;;;;;;;;;0,2;
119,1;0,1;35;;;;;;;;;;;;52;;;;;;;;;;;;;;;;;;;;;-0,1;
119,2;0;8;;;;;;;;;;;;52;;;;;;;;;;;;;;;;;;;;;-0,1;
119,3;0;2;;;;;;;;;;;;52;;;;;;;;;;;;;;;;;;;;;-0,1;
119,4;0;0;;;;;;;;;;;;52;;;;;;;;;;;;;;;;;;;;;-0,1;
119,5;0;0;;;;;;;;;;;;52;;;;;;;;;;;;;;;;;;;;;-0,1;
119,6;0;0;;;;;;;;;;;;52;;;;;;;;;;;;;;;;;;;;;-0,1;
119,7;0;0;;;;;;;;;;;;52;;;;;;;;;;;;;;;;;;;;;-0,1;
119,8;0;0;;;;;;;;;;;;52;;;;;;;;;;;;;;;;;;;;;-0,1;
119,9;0;0;;;;;;;;;;;;52;;;;;;;;;;;;;;;;;;;;;-0,1;
120;0;0;;;;;;;;;;;;52;;;;;;;;;;;;;;;;;;;;;-0,1;
120,1;0;0;;;;;;;;;;;;52;;;;;;;;;;;;;;;;;;;;;-0,1;
120,2;0;0;;;;;;;;;;;;52;;;;;;;;;;;;;;;;;;;;;-0,1;
120,3;0;0;;;;;;;;;;;;52;;;;;;;;;;;;;;;;;;;;;-0,1;
120,4;0;0;;;;;;;;;;;;52;;;;;;;;;;;;;;;;;;;;;-0,1;
120,5;0;0;;;;;;;;;;;;52;;;;;;;;;;;;;;;;;;;;;-0,1;
120,6;1;28;;;;;;;;;;;;52;;;;;;;;;;;;;;;;;;;;;-0,1;
120,7;1;74;;;;;;;;;;;;52;;;;;;;;;;;;;;;;;;;;;-0,1;
120,8;1;95;;;;;;;;;;;;52;;;;;;;;;;;;;;;;;;;;;-0,1;
120,9;0,7;88;;;;;;;;;;;;52;;;;;;;;;;;;;;;;;;;;;-0,1;
121;0,8;86;;;;;;;;;;;;52;;;;;;;;;;;;;;;;;;;;;-0,1;
121,1;1,2;99;;;;;;;;;;;;52;;;;;;;;;;;;;;;;;;;;;0,2;
121,2;1,2;110;;;;;;;;;;;;52;;;;;;;;;;;;;;;;;;;;;0,2;
121,3;0,9;92;;;;;;;;;;;;52;;;;;;;;;;;;;;;;;;;;;0,2;
121,4;0,8;90;;;;;;;;;;;;52;;;;;;;;;;;;;;;;;;;;;-0,1;
121,5;0,9;86;;;;;;;;;;;;52;;;;;;;;;;;;;;;;;;;;;-0,1;
121,6;0,9;91;;;;;;;;;;;;52;;;;;;;;;;;;;;;;;;;;;0,2;
121,7;0,8;89;;;;;;;;;;;;52;;;;;;;;;;;;;;;;;;;;;-0,1;
121,8;0;35;;;;;;;;;;;;52;;;;;;;;;;;;;;;;;;;;;0,2;
121,9;0;8;;;;;;;;;;;;52;;;;;;;;;;;;;;;;;;;;;-0,1;
122;0;2;;;;;;;;;;;;52;;;;;;;;;;;;;;;;;;;;;-0,1;
122,1;0;0;;;;;;;;;;;;52;;;;;;;;;;;;;;;;;;;;;-0,1;
122,2;0;0;;;;;;;;;;;;52;;;;;;;;;;;;;;;;;;;;;-0,1;
122,3;0;0;;;;;;;;;;;;52;;;;;;;;;;;;;;;;;;;;;-0,1;
122,4;0;0;;;;;;;;;;;;52;;;;;;;;;;;;;;;;;;;;;-0,1;
122,5;0;0;;;;;;;;;;;;52;;;;;;;;;;;;;;;;;;;;;-0,1;
122,6;0;0;;;;;;;;;;;;52;;;;;;;;;;;;;;;;;;;;;-0,1;
122,7;0;0;;;;;;;;;;;;52;;;;;;;;;;;;;;;;;;;;;-0,1;
122,8;0;0;;;;;;;;;;;;52;;;;;;;;;;;;;;;;;;;;;-0,1;
122,9;0;0;;;;;;;;;;;;52;;;;;;;;;;;;;;;;;;;;;-0,1;
123;0;0;;;;;;;;;;;;52;;;;;;;;;;;;;;;;;;;;;-0,1;
123,1;0;0;;;;;;;;;;;;52;;;;;;;;;;;;;;;;;;;;;-0,1;
123,2;0;0;;;;;;;;;;;;52;;;;;;;;;;;;;;;;;;;;;-0,1;
123,3;0;0;;;;;;;;;;;;52;;;;;;;;;;;;;;;;;;;;;-0,1;
123,4;0;0;;;;;;;;;;;;52;;;;;;;;;;;;;;;;;;;;;-0,1;
123,5;0;0;;;;;;;;;;;;52;;;;;;;;;;;;;;;;;;;;;-0,1;
123,6;0;0;;;;;;;;;;;;52;;;;;;;;;;;;;;;;;;;;;-0,1;
123,7;0;0;;;;;;;;;;;;52;;;;;;;;;;;;;;;;;;;;;-0,1;
123,8;0;0;;;;;;;;;;;;52;;;;;;;;;;;;;;;;;;;;;-0,1;
123,9;0;0;;;;;;;;;;;;52;;;;;;;;;;;;;;;;;;;;;-0,1;
124;0;0;;;;;;;;;;;;52;;;;;;;;;;;;;;;;;;;;;-0,1;
124,1;0;0;;;;;;;;;;;;52;;;;;;;;;;;;;;;;;;;;;-0,1;
124,2;0;0;;;;;;;;;;;;52;;;;;;;;;;;;;;;;;;;;;-0,1;
124,3;0;0;;;;;;;;;;;;52;;;;;;;;;;;;;;;;;;;;;-0,1;
124,4;0;0;;;;;;;;;;;;52;;;;;;;;;;;;;;;;;;;;;-0,1;
124,5;0;0;;;;;;;;;;;;52;;;;;;;;;;;;;;;;;;;;;-0,1;
124,6;0;0;;;;;;;;;;;;52;;;;;;;;;;;;;;;;;;;;;-0,1;
124,7;0;0;;;;;;;;;;;;52;;;;;;;;;;;;;;;;;;;;;-0,1;
124,8;0;0;;;;;;;;;;;;52;;;;;;;;;;;;;;;;;;;;;-0,1;
